treatment,species,p,log2FC,q,-log10p
Ctr,PE(12:0CHO_32:0),0.31878735036980865,-2.2921240675150627,0.6402312619926991,0.4964989198046366
Ctr,PE(13:1_8:0CHO),0.06749226006191951,-0.7282827525204394,0.5115826740052746,1.170746028083025
Ctr,PE(14:0_16:1),0.11462848297213622,-1.1167787365485933,0.5115826740052746,0.9407074547589854
Ctr,PE(14:0_20:5),0.09559224691474008,-1.2398743545009827,0.5115826740052746,1.0195773296408037
Ctr,PE(16:0COOH_18:0),0.08111455108359134,-0.7268692666655676,0.5115826740052746,1.0909012304759487
Ctr,PE(16:0_16:1),0.06749226006191951,-0.6703644200515271,0.5115826740052746,1.170746028083025
Ctr,PE(16:0_17:1),0.27492260061919505,-0.2846793761582595,0.619218193918,0.5607895563945322
Ctr,PE(16:0_18:0),0.938467492260062,-0.007716475182044648,0.962428364402872,0.02758076633848699
Ctr,PE(16:0_18:1),0.09680082559339526,-0.39431379922127824,0.5115826740052746,1.0141209382230534
Ctr,PE(16:0_19:0COOH),0.4854231166150671,-0.1637186327413283,0.7005207850552765,0.31387954563337733
Ctr,PE(16:0_20:4),0.4854231166150671,0.44307729442537197,0.7005207850552765,0.31387954563337733
Ctr,PE(16:0_20:5),0.7573013415892673,-0.32767252177365613,0.8859690452573468,0.1207312737475131
Ctr,PE(16:0_22:6),0.09680082559339526,-0.9491343091980832,0.5115826740052746,1.0141209382230534
Ctr,PE(16:1_16:1),0.21060371517027865,-1.0694682019808925,0.5702864646745748,0.6765339716730935
Ctr,PE(16:1_18:1),0.6426470588235295,-0.46354581425421176,0.8108792731752388,0.19202747566823541
Ctr,PE(16:1_18:2),0.06749226006191951,-0.6633363522312921,0.5115826740052746,1.170746028083025
Ctr,PE(16:1_19:3COOH),0.5880288957688339,-0.4478953654191027,0.7660268317853457,0.23060133207345127
Ctr,PE(16:1_22:6),0.5880288957688339,-0.5483843358659612,0.7660268317853457,0.23060133207345127
Ctr,PE(17:0CHO_20:3),0.6991744066047472,-0.1589310241795603,0.8300543447869165,0.15541447744220666
Ctr,PE(17:0_18:1),0.938467492260062,0.347492180253037,0.962428364402872,0.02758076633848699
Ctr,PE(17:0_20:4),0.437796697626419,0.41151203873030007,0.6763397700510703,0.3587275186123147
Ctr,PE(17:1COOH_18:1),0.938467492260062,-0.029852194047733347,0.962428364402872,0.02758076633848699
Ctr,PE(17:1_18:1),0.08111455108359134,-1.6722799985779904,0.5115826740052746,1.0909012304759487
Ctr,PE(17:2COOH_4:0),0.4854231166150671,0.16284826523835877,0.7005207850552765,0.31387954563337733
Ctr,PE(18:0_18:0),0.18268833849329205,-0.38290884932578595,0.5573150579352327,0.7382891737543027
Ctr,PE(18:0_18:0COOH),0.21060371517027865,-0.361048509218961,0.5702864646745748,0.6765339716730935
Ctr,PE(18:0_18:1),0.18268833849329205,0.3857083482887548,0.5573150579352327,0.7382891737543027
Ctr,PE(18:0_18:2),0.5355521155830754,-0.3092642113982534,0.7375317706029781,0.27119826068219915
Ctr,PE(18:0_19:0COOH),0.7573013415892673,-0.10886843701717049,0.8859690452573468,0.1207312737475131
Ctr,PE(18:0_20:0),0.21060371517027865,-0.346986751857479,0.5702864646745748,0.6765339716730935
Ctr,PE(18:0_20:0COOH),0.31137770897832817,-0.06403801836169112,0.630605276166194,0.5067124809483288
Ctr,PE(18:0_20:1),0.4854231166150671,-0.42709882377649727,0.7005207850552765,0.31387954563337733
Ctr,PE(18:0_20:2),0.31137770897832817,0.13554044690475417,0.630605276166194,0.5067124809483288
Ctr,PE(18:0_20:3),0.5355521155830754,-0.5671825437233616,0.7375317706029781,0.27119826068219915
Ctr,PE(18:0_20:4),0.6426470588235295,0.12400561619303747,0.8108792731752388,0.19202747566823541
Ctr,PE(18:0_21:2COOH),0.27492260061919505,0.2708176030947966,0.619218193918,0.5607895563945322
Ctr,PE(18:0_21:6CHO),0.5355521155830754,-0.23088535034798086,0.7375317706029781,0.27119826068219915
Ctr,PE(18:0_22:3),0.3928792569659443,0.27617137057997726,0.6715170278637771,0.4057409001258566
Ctr,PE(18:0_22:4),0.6991744066047472,-0.3786747499391445,0.8300543447869165,0.15541447744220666
Ctr,PE(18:0_22:4COOH),0.4854231166150671,0.36321344646307074,0.7005207850552765,0.31387954563337733
Ctr,PE(18:0_22:5),0.3928792569659443,-0.839505137166074,0.6715170278637771,0.4057409001258566
Ctr,PE(18:0_22:6),0.05567595459236326,-0.9045530870351512,0.5115826740052746,1.2543323272517963
Ctr,PE(18:0_24:5),0.3506965944272446,0.5967855140654013,0.6402869640679238,0.4550684513560418
Ctr,PE(18:1_18:0),0.3506965944272446,-0.21288716078359113,0.6402869640679238,0.4550684513560418
Ctr,PE(18:1_18:1),0.5355521155830754,-0.2525609521381563,0.7375317706029781,0.27119826068219915
Ctr,PE(18:1_18:2),0.11462848297213622,-0.44621149421273687,0.5115826740052746,0.9407074547589854
Ctr,PE(18:1_19:1),0.437796697626419,0.3990808309613923,0.6763397700510703,0.3587275186123147
Ctr,PE(18:1_20:4),0.045562435500515995,0.6903467509462449,0.5115826740052746,1.3413930681839925
Ctr,PE(18:1_21:3COOH),0.938467492260062,0.19159290849204696,0.962428364402872,0.02758076633848699
Ctr,PE(18:1_22:1),0.24135706914344687,0.18311981299982488,0.5996603470471206,0.6173399763627604
Ctr,PE(18:1_22:6),0.816795665634675,-0.1124036557424499,0.9241678658120032,0.08788657546633227
Ctr,PE(18:1_24:1),0.3928792569659443,0.15344660342442867,0.6715170278637771,0.4057409001258566
Ctr,PE(18:1_24:2),0.938467492260062,-0.07304303389409444,0.962428364402872,0.02758076633848699
Ctr,PE(18:1_24:5),0.3506965944272446,0.7979631308540268,0.6402869640679238,0.4550684513560418
Ctr,PE(18:1_26:1),0.6991744066047472,-0.6777703755602826,0.8300543447869165,0.15541447744220666
Ctr,PE(18:2_19:1COOH),0.816795665634675,-0.08892859240572223,0.9241678658120032,0.08788657546633227
Ctr,PE(18:2_19:2COOH),0.3506965944272446,-0.15705582983158872,0.6402869640679238,0.4550684513560418
Ctr,PE(18:2_21:3COOH),0.6426470588235295,0.16423114381522186,0.8108792731752388,0.19202747566823541
Ctr,PE(18:2_22:6),0.4854231166150671,-0.42611024948982706,0.7005207850552765,0.31387954563337733
Ctr,PE(19:0COOH_20:0),0.5355521155830754,-0.20769882555920569,0.7375317706029781,0.27119826068219915
Ctr,PE(19:0_18:1),0.6426470588235295,-0.268014377201325,0.8108792731752388,0.19202747566823541
Ctr,PE(19:1CHO),0.21060371517027865,-1.1671931451124025,0.5702864646745748,0.6765339716730935
Ctr,PE(19:1COOH_22:1),0.13480392156862744,0.2238771581975836,0.5506397474243935,0.8702974732734685
Ctr,PE(19:1_16:0),0.18268833849329205,-0.6847035419806949,0.5573150579352327,0.7382891737543027
Ctr,PE(19:1_18:1),0.877296181630547,0.10651232434253098,0.962428364402872,0.05685376082377204
Ctr,PE(19:2),0.011145510835913313,-1.8598521810110136,0.5115826740052746,1.952900017667229
Ctr,PE(19:2CHO_18:2),0.3506965944272446,0.1940097157773894,0.6402869640679238,0.4550684513560418
Ctr,PE(19:2CHO_20:3),0.31137770897832817,1.3649752979513068,0.630605276166194,0.5067124809483288
Ctr,PE(19:2CHO_20:5),0.21060371517027865,0.019747021234248072,0.5702864646745748,0.6765339716730935
Ctr,PE(19:2COOH_20:4),0.21060371517027865,0.7934097237235999,0.5702864646745748,0.6765339716730935
Ctr,PE(19:2COOH_20:5),0.31137770897832817,0.05442975519067201,0.630605276166194,0.5067124809483288
Ctr,PE(19:2COOH_22:6),0.938467492260062,-0.026984081489691322,0.962428364402872,0.02758076633848699
Ctr,PE(20:0COOH_20:1),0.15743034055727553,0.6469266389334178,0.5573150579352327,0.802911564796475
Ctr,PE(20:0COOH_24:0),0.3928792569659443,-0.49813372843524056,0.6715170278637771,0.4057409001258566
Ctr,PE(20:0COOH_28:1),0.816795665634675,-0.009373871289674006,0.9241678658120032,0.08788657546633227
Ctr,PE(20:0_20:0COOH),0.11462848297213622,-0.49960739464395176,0.5115826740052746,0.9407074547589854
Ctr,PE(20:0_22:2COOH),0.24135706914344687,0.24132075052431143,0.5996603470471206,0.6173399763627604
Ctr,PE(20:1_20:0COOH),0.5355521155830754,0.39267816776772535,0.7375317706029781,0.27119826068219915
Ctr,PE(20:4_14:0),0.06749226006191951,-0.6511905113411457,0.5115826740052746,1.170746028083025
Ctr,PE(20:4_19:0),0.31137770897832817,0.8812777680220154,0.630605276166194,0.5067124809483288
Ctr,PE(20:5_16:1),0.18268833849329205,-0.8115949152154972,0.5573150579352327,0.7382891737543027
Ctr,PE(21:0COOH_18:1),1.0,0.14737225707687113,1.0,-4.342945178152237e-11
Ctr,PE(21:0COOH_18:3),0.09680082559339526,-0.5178137025985053,0.5115826740052746,1.0141209382230534
Ctr,PE(21:1),0.4274148404030482,-0.5938142006997252,0.6763397700510703,0.3691504025353362
Ctr,PE(21:1CHO_18:1),0.6426470588235295,-0.24405317458837827,0.8108792731752388,0.19202747566823541
Ctr,PE(21:2),0.018601651186790504,-1.2961163260737683,0.5115826740052746,1.7304485013245894
Ctr,PE(21:2CHO),0.15743034055727553,-0.3164284501154656,0.5573150579352327,0.802911564796475
Ctr,PE(21:2CHO_16:0),0.18268833849329205,-0.6103483256841046,0.5573150579352327,0.7382891737543027
Ctr,PE(21:2CHO_18:1),0.13480392156862744,-0.8281786297370658,0.5506397474243935,0.8702974732734685
Ctr,PE(21:2CHO_20:1),0.18268833849329205,-0.5833715241827028,0.5573150579352327,0.7382891737543027
Ctr,PE(21:2CHO_20:3),0.11462848297213622,-0.30748209905634266,0.5115826740052746,0.9407074547589854
Ctr,PE(21:2CHO_22:1),0.09680082559339526,-0.9831278580181345,0.5115826740052746,1.0141209382230534
Ctr,PE(21:2CHO_22:4),0.6991744066047472,-0.270830242306597,0.8300543447869165,0.15541447744220666
Ctr,PE(21:2CHO_22:5),0.09680082559339526,-0.7993673945857782,0.5115826740052746,1.0141209382230534
Ctr,PE(21:2CHO_22:6),0.045562435500515995,-0.7854087783239867,0.5115826740052746,1.3413930681839925
Ctr,PE(21:2COOH_18:1),0.877296181630547,-0.12387243953041673,0.962428364402872,0.05685376082377204
Ctr,PE(21:2COOH_20:3),0.27492260061919505,0.16091134487677006,0.619218193918,0.5607895563945322
Ctr,PE(21:2COOH_20:4),0.5880288957688339,0.40440850310030646,0.7660268317853457,0.23060133207345127
Ctr,PE(21:2COOH_22:5),0.6991744066047472,-0.4123905255158636,0.8300543447869165,0.15541447744220666
Ctr,PE(21:2COOH_22:6),0.6991744066047472,-0.3800795687371845,0.8300543447869165,0.15541447744220666
Ctr,PE(21:3CHO_18:1),0.3506965944272446,0.7069863829782169,0.6402869640679238,0.4550684513560418
Ctr,PE(21:3CHO_20:3),0.31137770897832817,-0.38515860635074717,0.630605276166194,0.5067124809483288
Ctr,PE(21:3CHO_20:4),0.437796697626419,0.10622519485940835,0.6763397700510703,0.3587275186123147
Ctr,PE(21:3CHO_20:5),0.4854231166150671,-0.17108085972638096,0.7005207850552765,0.31387954563337733
Ctr,PE(21:3COOH_20:4),0.27492260061919505,0.6112286064784299,0.619218193918,0.5607895563945322
Ctr,PE(21:3COOH_22:6),0.938467492260062,-0.8951919057682196,0.962428364402872,0.02758076633848699
Ctr,PE(21:4),0.45463225696633414,-0.07720174200885045,0.6978749931776211,0.34233975345725576
Ctr,PE(22:0COOH_16:0),0.5355521155830754,-0.34290032680643956,0.7375317706029781,0.27119826068219915
Ctr,PE(22:0COOH_18:1),0.4854231166150671,0.4335836537392641,0.7005207850552765,0.31387954563337733
Ctr,PE(22:0_18:1),0.11462848297213622,-0.5716709673922601,0.5115826740052746,0.9407074547589854
Ctr,PE(22:0_20:4),0.938467492260062,-0.21860423808417312,0.962428364402872,0.02758076633848699
Ctr,PE(22:3_19:1COOH),0.21060371517027865,0.42597325020222454,0.5702864646745748,0.6765339716730935
Ctr,PE(22:6_16:0),0.6991744066047472,-0.1304947737967352,0.8300543447869165,0.15541447744220666
Ctr,PE(23:0_16:1),0.816795665634675,-0.21454572076259731,0.9241678658120032,0.08788657546633227
Ctr,PE(23:2),0.0017027863777089782,-0.9891783585636215,0.41037151702786373,2.768839807331929
Ctr,PE(23:4_18:1),0.5880288957688339,-0.04445691291635909,0.7660268317853457,0.23060133207345127
Ctr,PE(23:5_16:1),0.23440410031101155,-1.0532856966804565,0.5996603470471206,0.630034795511028
Ctr,PE(23:6),0.4047519961235295,-4.360157198767351,0.6763397700510703,0.3928110006432097
Ctr,PE(24:0_17:1),0.3506965944272446,-0.4156736379619747,0.6402869640679238,0.4550684513560418
Ctr,PE(24:0_18:1),0.13480392156862744,-0.8629950432359336,0.5506397474243935,0.8702974732734685
Ctr,PE(24:0_20:4),0.938467492260062,0.102994134736637,0.962428364402872,0.02758076633848699
Ctr,PE(24:1_20:4),0.31137770897832817,0.835778449550402,0.630605276166194,0.5067124809483288
Ctr,PE(24:2_19:1COOH),0.437796697626419,-0.2444156840551932,0.6763397700510703,0.3587275186123147
Ctr,PE(24:3_19:1COOH),0.6991744066047472,0.15903466860681914,0.8300543447869165,0.15541447744220666
Ctr,PE(26:0_18:1),0.31137770897832817,-0.25072009680617213,0.630605276166194,0.5067124809483288
Ctr,PE(26:2_19:1COOH),0.3928792569659443,-0.42170206824915885,0.6715170278637771,0.4057409001258566
Ctr,PE(26:3_19:1COOH),1.0,0.23410596297031688,1.0,-4.342945178152237e-11
Ctr,PE(28:2_19:1COOH),0.13480392156862744,-1.1435946358349116,0.5506397474243935,0.8702974732734685
Ctr,PE(34:0CHO),0.08111455108359134,-0.9769729107206456,0.5115826740052746,1.0909012304759487
Ctr,PE(38:5),0.938467492260062,0.0381289462453661,0.962428364402872,0.02758076633848699
Ctr,PE(40:1),0.437796697626419,-0.4969351557013865,0.6763397700510703,0.3587275186123147
Ctr,PE(43:1),0.3506965944272446,-0.6306480633411529,0.6402869640679238,0.4550684513560418
Ctr,PE(O-12:1_20:4),0.3832085859605817,-0.7225519053357254,0.6715170278637771,0.41656476880811344
Ctr,PE(O-12:1_20:5),0.11245686376050769,1.1470833886349943,0.5115826740052746,0.9490140320400902
Ctr,PE(O-12:1_22:6),0.029695562435500512,-1.6915232353169163,0.5115826740052746,1.5273084432864465
Ctr,PE(O-13:1_20:5),0.09038411844935958,2.437766250310407,0.5115826740052746,1.0439078729792857
Ctr,PE(O-13:1_5:0),0.15743034055727553,-0.46423254431704153,0.5573150579352327,0.802911564796475
Ctr,PE(O-14:1_20:4),0.437796697626419,-0.32540535634435125,0.6763397700510703,0.3587275186123147
Ctr,PE(O-14:1_20:5),0.09680082559339526,-0.13223680113987177,0.5115826740052746,1.0141209382230534
Ctr,PE(O-15:1_5:0),0.5785279442360626,-0.4954420427105154,0.7660268317853457,0.23767565870385388
Ctr,PE(O-16:0),0.021362979491982813,-2.2478741857098803,0.5115826740052746,1.6703381743911025
Ctr,PE(O-16:0_16:0),0.27492260061919505,-0.7879397650408699,0.619218193918,0.5607895563945322
Ctr,PE(O-16:0_18:1),0.09680082559339526,-1.0676755494981909,0.5115826740052746,1.0141209382230534
Ctr,PE(O-16:0_22:6),0.437796697626419,-0.24769406924245355,0.6763397700510703,0.3587275186123147
Ctr,PE(O-16:0_2:0),0.018601651186790504,-1.0267029498302676,0.5115826740052746,1.7304485013245894
Ctr,PE(O-16:1_16:0),0.18268833849329205,-0.549427232143081,0.5573150579352327,0.7382891737543027
Ctr,PE(O-16:1_16:1),0.06749226006191951,-1.1414651379668734,0.5115826740052746,1.170746028083025
Ctr,PE(O-16:1_17:1),0.045562435500515995,-0.6451089396108356,0.5115826740052746,1.3413930681839925
Ctr,PE(O-16:1_18:1),0.18268833849329205,-0.6389541369649634,0.5573150579352327,0.7382891737543027
Ctr,PE(O-16:1_18:2),0.15743034055727553,-0.47937249508050195,0.5573150579352327,0.802911564796475
Ctr,PE(O-16:1_18:3),0.27492260061919505,-0.19566005795990743,0.619218193918,0.5607895563945322
Ctr,PE(O-16:1_20:3),0.21060371517027865,0.37642158199375547,0.5702864646745748,0.6765339716730935
Ctr,PE(O-16:1_20:4),0.31137770897832817,-0.3656408637720436,0.630605276166194,0.5067124809483288
Ctr,PE(O-16:1_20:5),0.15743034055727553,-0.2781131643536179,0.5573150579352327,0.802911564796475
Ctr,PE(O-16:1_22:4),0.5880288957688339,-0.22951879136448947,0.7660268317853457,0.23060133207345127
Ctr,PE(O-16:1_22:6),0.11462848297213622,-0.5341985671586442,0.5115826740052746,0.9407074547589854
Ctr,PE(O-16:1_24:5),0.3928792569659443,-0.10661731372753025,0.6715170278637771,0.4057409001258566
Ctr,PE(O-17:1_18:1),0.18268833849329205,-0.5028239574065344,0.5573150579352327,0.7382891737543027
Ctr,PE(O-17:1_20:4),0.4854231166150671,0.04981906027995171,0.7005207850552765,0.31387954563337733
Ctr,PE(O-17:1_20:5),0.11462848297213622,-0.49108395940817445,0.5115826740052746,0.9407074547589854
Ctr,PE(O-17:1_22:4),0.6426470588235295,0.6794432220527794,0.8108792731752388,0.19202747566823541
Ctr,PE(O-17:1_22:5),0.18268833849329205,-0.5761890073436031,0.5573150579352327,0.7382891737543027
Ctr,PE(O-17:1_22:6),0.24135706914344687,-0.5805412251639629,0.5996603470471206,0.6173399763627604
Ctr,PE(O-18:0_16:0),0.0369453044375645,-0.8479953238943835,0.5115826740052746,1.4324407492313844
Ctr,PE(O-18:0_18:0),0.18268833849329205,-0.5937294041868417,0.5573150579352327,0.7382891737543027
Ctr,PE(O-18:0_18:1),0.437796697626419,0.2296946092696961,0.6763397700510703,0.3587275186123147
Ctr,PE(O-18:0_20:0),0.18268833849329205,-1.7699848099182018,0.5573150579352327,0.7382891737543027
Ctr,PE(O-18:0_22:0),0.07077812170767687,-2.9060727004231266,0.5115826740052746,1.1501009661317405
Ctr,PE(O-18:0_22:1),0.24135706914344687,-1.2412428426686193,0.5996603470471206,0.6173399763627604
Ctr,PE(O-18:1_18:1),0.877296181630547,0.8274051230203952,0.962428364402872,0.05685376082377204
Ctr,PE(O-18:1_19:3),0.18268833849329205,0.12029588410991751,0.5573150579352327,0.7382891737543027
Ctr,PE(O-18:1_20:0),0.11462848297213622,-0.9656416974892074,0.5115826740052746,0.9407074547589854
Ctr,PE(O-18:1_20:3),0.31137770897832817,0.44555851930461543,0.630605276166194,0.5067124809483288
Ctr,PE(O-18:1_20:4),0.11462848297213622,-0.6718465308185312,0.5115826740052746,0.9407074547589854
Ctr,PE(O-18:1_22:1),0.3506965944272446,-0.6609356524859538,0.6402869640679238,0.4550684513560418
Ctr,PE(O-18:1_22:2),0.938467492260062,-0.0010805788224397522,0.962428364402872,0.02758076633848699
Ctr,PE(O-18:1_22:3),0.7573013415892673,-0.14486302802627476,0.8859690452573468,0.1207312737475131
Ctr,PE(O-18:1_22:4),1.0,-0.01622055811065529,1.0,-4.342945178152237e-11
Ctr,PE(O-18:1_22:6),0.029695562435500512,-1.2539132680855947,0.5115826740052746,1.5273084432864465
Ctr,PE(O-18:1_24:4),0.8031765040690568,-0.9045958477954072,0.9241678658120032,0.09518900470475625
Ctr,PE(O-18:1_24:5),0.6856033649177964,-0.1855946069567975,0.8300543447869165,0.16392705951386335
Ctr,PE(O-18:1_24:6),0.877296181630547,-0.16655842078177147,0.962428364402872,0.05685376082377204
Ctr,PE(O-18:2_18:1),0.437796697626419,0.19806231097660865,0.6763397700510703,0.3587275186123147
Ctr,PE(O-18:2_20:1),0.4854231166150671,0.13799581790986346,0.7005207850552765,0.31387954563337733
Ctr,PE(O-18:2_22:6),0.06749226006191951,-0.7862132031319273,0.5115826740052746,1.170746028083025
Ctr,PE(O-18:4_20:5),0.8350016731124059,4.276755549749776,0.9403523514957469,0.07831265425749147
Ctr,PE(O-19:0_18:0),1.0,-1.130315650161613,1.0,-4.342945178152237e-11
Ctr,PE(O-19:0_18:1),1.0,-0.034892028359521564,1.0,-4.342945178152237e-11
Ctr,PE(O-19:1_18:1),0.816795665634675,0.22644978625127538,0.9241678658120032,0.08788657546633227
Ctr,PE(O-20:1_18:1),0.3928792569659443,-0.8462107655639342,0.6715170278637771,0.4057409001258566
Ctr,PE(O-20:6_18:1),0.3506965944272446,-0.3942898371329954,0.6402869640679238,0.4550684513560418
Ctr,PE(O-21:4_22:0),0.938467492260062,0.6080585881254739,0.962428364402872,0.02758076633848699
Ctr,PE(O-21:4_24:1),0.938467492260062,0.12142690049096447,0.962428364402872,0.02758076633848699
Ctr,PE(O-24:2_18:1),1.0,0.01543333061452797,1.0,-4.342945178152237e-11
Ctr,PE(O-24:8_22:5),0.938467492260062,-0.05309224030376913,0.962428364402872,0.02758076633848699
Ctr,PE(O-24:8_22:6),0.877296181630547,-0.05656423974223383,0.962428364402872,0.05685376082377204
Ctr,PE(O-24:8_24:5),0.3506965944272446,0.3766160421216074,0.6402869640679238,0.4550684513560418
Ctr,PE(O-26:8_22:6),0.3928792569659443,0.1672736319011649,0.6715170278637771,0.4057409001258566
Ctr,PE(O-36:2),0.09680082559339526,-0.6966397159533414,0.5115826740052746,1.0141209382230534
Ctr,PE(O-50:15),0.05567595459236326,0.5562256185949604,0.5115826740052746,1.2543323272517963
Ctr,PE(O-5:0_11:1),0.23387556046853886,-0.8348428359456537,0.5996603470471206,0.6310151585447124
Ctr,PE(P-11:0_12:1),0.437796697626419,0.44524611538177017,0.6763397700510703,0.3587275186123147
Ctr,PE(P-11:0_15:1),0.6991744066047472,0.15698219340772032,0.8300543447869165,0.15541447744220666
Ctr,PE(P-12:0_20:4),0.34146615931585256,-0.6009587341942908,0.6402869640679238,0.46665233007084883
Ctr,PE(P-12:0_20:5),0.040577817391611905,0.6141420840724968,0.5115826740052746,1.3917113155293768
Ctr,PE(P-12:0_22:6),0.029695562435500512,-1.704832466523298,0.5115826740052746,1.5273084432864465
Ctr,PE(P-16:0_16:0),0.11462848297213622,-0.7707191125873962,0.5115826740052746,0.9407074547589854
Ctr,PE(P-16:0_16:1),0.05567595459236326,-1.0861892315680821,0.5115826740052746,1.2543323272517963
Ctr,PE(P-16:0_18:1),0.15743034055727553,-0.6891913608894223,0.5573150579352327,0.802911564796475
Ctr,PE(P-16:0_18:2),0.5355521155830754,-0.31641168832992994,0.7375317706029781,0.27119826068219915
Ctr,PE(P-16:0_20:3),0.24135706914344687,0.4840300687584339,0.5996603470471206,0.6173399763627604
Ctr,PE(P-16:0_20:4),0.27492260061919505,-0.41142791990054073,0.619218193918,0.5607895563945322
Ctr,PE(P-16:0_20:5),0.08111455108359134,-0.444423037062321,0.5115826740052746,1.0909012304759487
Ctr,PE(P-16:0_22:5),0.6991744066047472,-0.27164663329856537,0.8300543447869165,0.15541447744220666
Ctr,PE(P-16:0_22:6),0.00846233230134159,-1.1720247627927873,0.5115826740052746,2.072509919534959
Ctr,PE(P-16:3_4:0),0.816795665634675,0.08681357966592317,0.9241678658120032,0.08788657546633227
Ctr,PE(P-17:0_18:1),0.24135706914344687,-0.5550860214797546,0.5996603470471206,0.6173399763627604
Ctr,PE(P-17:0_20:4),0.31137770897832817,-0.12566859668948765,0.630605276166194,0.5067124809483288
Ctr,PE(P-18:0_16:0),0.6991744066047472,-0.7362140299480386,0.8300543447869165,0.15541447744220666
Ctr,PE(P-18:0_18:1),0.06749226006191951,-1.0379878055032177,0.5115826740052746,1.170746028083025
Ctr,PE(P-18:0_20:1),0.045562435500515995,-0.9782448448468547,0.5115826740052746,1.3413930681839925
Ctr,PE(P-18:0_20:3),0.11462848297213622,0.2702171757886169,0.5115826740052746,0.9407074547589854
Ctr,PE(P-18:0_20:4),0.045562435500515995,-0.6280361832461248,0.5115826740052746,1.3413930681839925
Ctr,PE(P-18:0_22:1),0.437796697626419,-1.1480542355948864,0.6763397700510703,0.3587275186123147
Ctr,PE(P-18:0_22:3),0.938467492260062,-0.03878765247252125,0.962428364402872,0.02758076633848699
Ctr,PE(P-18:0_22:5),0.18268833849329205,-0.1828705064555759,0.5573150579352327,0.7382891737543027
Ctr,PE(P-18:0_24:5),0.938467492260062,0.05392679304801129,0.962428364402872,0.02758076633848699
Ctr,PE(P-18:0_24:6),0.27492260061919505,-0.17669793629805403,0.619218193918,0.5607895563945322
Ctr,PE(P-18:1_18:1),0.31137770897832817,0.024872792446629932,0.630605276166194,0.5067124809483288
Ctr,PE(P-18:1_20:1),0.5880288957688339,0.128287221629178,0.7660268317853457,0.23060133207345127
Ctr,PE(P-18:1_22:5),0.006346749226006192,-1.4738735838938057,0.5115826740052746,2.1974486544325624
Ctr,PE(P-18:1_22:6),0.437796697626419,-0.22933903494282826,0.6763397700510703,0.3587275186123147
Ctr,PE(P-20:0_20:4),0.5880288957688339,-0.2603334321018089,0.7660268317853457,0.23060133207345127
Ctr,PE(P-20:2),0.21060371517027865,-0.8159000695596603,0.5702864646745748,0.6765339716730935
Ctr,PE(P-20:6_12:1),0.12595416017551453,-5.475511808995051,0.5506397474243935,0.8997874831491177
Ctr,PE(P-20:6_18:1),0.27492260061919505,-0.3867363141830107,0.619218193918,0.5607895563945322
Ctr,PE(P-24:8_24:4),0.27492260061919505,0.4684188885032309,0.619218193918,0.5607895563945322
Ctr,PE(P-24:8_24:5),0.437796697626419,0.11922031277378461,0.6763397700510703,0.3587275186123147
Ctr,PE(P-49:15),0.5789570097207692,0.3671187951535078,0.7660268317853457,0.2373536834068981
Ctr,PE(P-4:0_14:0),0.21060371517027865,-0.45693486299470004,0.5702864646745748,0.6765339716730935
Ctr,PE(P-7:0_13:0),0.5785279442360626,-0.5212431880562747,0.7660268317853457,0.23767565870385388
C18:0,PE(12:0CHO_32:0),0.4872043436202458,-1.0052861024564848,0.804220868578625,0.31228884836096876
C18:0,PE(13:1_8:0CHO),0.30735448126752474,0.22423188521344922,0.6555082299599422,0.5123604502867424
C18:0,PE(14:0_16:1),0.179533574316183,-0.6633103632028767,0.5475358979406956,0.7458543224606524
C18:0,PE(14:0_20:5),0.38268112417849554,-1.505465108192342,0.7206508304033388,0.417162958794214
C18:0,PE(16:0COOH_18:0),0.5147267547267547,0.015842304390850544,0.8161128150601834,0.2884232571012273
C18:0,PE(16:0_16:1),0.7749089557785209,-0.04062967879483539,0.9291196932468833,0.11074931979337202
C18:0,PE(16:0_17:1),0.30735448126752474,0.17753977835973253,0.6555082299599422,0.5123604502867424
C18:0,PE(16:0_18:0),0.05832235397452788,0.4459422569283118,0.3513921826965305,1.2341649548384992
C18:0,PE(16:0_18:1),0.21703771268988659,-0.24435424714762546,0.5624310619168028,0.6634647959510547
C18:0,PE(16:0_19:0COOH),0.5845352071439027,0.43819769042996387,0.8435508079142549,0.23318932564625744
C18:0,PE(16:0_20:4),0.021677646025472112,0.807221975464755,0.19349306267180663,1.6639878775865367
C18:0,PE(16:0_20:5),0.5147267547267547,0.07102368599883219,0.8161128150601834,0.2884232571012273
C18:0,PE(16:0_22:6),0.2596020404716057,-0.5664422421335035,0.6256409175365697,0.5856918981370562
C18:0,PE(16:1_16:1),0.5147267547267547,-0.4234920885553346,0.8161128150601834,0.2884232571012273
C18:0,PE(16:1_18:1),0.7353319144623491,-0.2851256115584676,0.9182123905980628,0.13351658455520587
C18:0,PE(16:1_18:2),0.33318153665979755,-0.35234818901821446,0.6747626078572371,0.4773190730080646
C18:0,PE(16:1_19:3COOH),0.6137324866903493,0.03022832099745026,0.870058616812914,0.21202088753509307
C18:0,PE(16:1_22:6),0.5147267547267547,0.5197551646597414,0.8161128150601834,0.2884232571012273
C18:0,PE(17:0CHO_20:3),0.7749089557785209,0.18173328247051324,0.9291196932468833,0.11074931979337202
C18:0,PE(17:0_18:1),0.9792669166582209,-0.5804089826042543,0.9916106172883664,0.009098917312607646
C18:0,PE(17:0_20:4),0.011246466898640811,1.2541123909623288,0.13324532116959836,1.9489838867947953
C18:0,PE(17:1COOH_18:1),0.4493343693343693,0.1530435189729443,0.784707123257848,0.3474303610980087
C18:0,PE(17:1_18:1),0.7353319144623491,-0.13395115410899447,0.9182123905980628,0.13351658455520587
C18:0,PE(17:2COOH_4:0),0.1976581872234046,0.5707680728311072,0.5475358979406956,0.7040851917650605
C18:0,PE(18:0_18:0),0.015756224451876626,0.6766440138255629,0.1582187538709278,1.8025478384146858
C18:0,PE(18:0_18:0COOH),0.30735448126752474,0.3604975989423625,0.6555082299599422,0.5123604502867424
C18:0,PE(18:0_18:1),0.8966210600993209,0.0962039937586031,0.9777632374838748,0.04739106446539127
C18:0,PE(18:0_18:2),0.1976581872234046,-0.22203519462755417,0.5475358979406956,0.7040851917650605
C18:0,PE(18:0_19:0COOH),0.11878337443554834,0.49494985947812864,0.46929169244208446,0.9252443409435736
C18:0,PE(18:0_20:0),0.6209546974764365,-0.3175285099865909,0.870058616812914,0.20694008309273323
C18:0,PE(18:0_20:0COOH),0.13227390966521402,0.2362991761262269,0.47834272703837916,0.8785258093453503
C18:0,PE(18:0_20:1),0.14687701992049818,-0.4323248048420511,0.47834272703837916,0.833046147429479
C18:0,PE(18:0_20:2),0.10633874981701068,0.3149893183546805,0.4496076965947294,0.97330844941337
C18:0,PE(18:0_20:3),0.6582687521817956,-0.40990313771238823,0.8813487181989597,0.18159676018010848
C18:0,PE(18:0_20:4),0.09491481143655056,0.6651790784899855,0.4315937652114846,1.0226660102633034
C18:0,PE(18:0_21:2COOH),0.07489386619821402,0.5700732212832675,0.40286093390752886,1.1255537489483092
C18:0,PE(18:0_21:6CHO),0.1976581872234046,0.43667307462955635,0.5475358979406956,0.7040851917650605
C18:0,PE(18:0_22:3),0.33318153665979755,0.2831705170117643,0.6747626078572371,0.4773190730080646
C18:0,PE(18:0_22:4),0.6964341294776076,0.0007628448656150059,0.9023689527102335,0.1571199539188263
C18:0,PE(18:0_22:4COOH),0.04479218044435435,0.7382215882532057,0.30842615677398283,1.34879779499381
C18:0,PE(18:0_22:5),0.8966210600993209,0.08344509460589032,0.9777632374838748,0.04739106446539127
C18:0,PE(18:0_22:6),0.8966210600993209,-0.5318019904494189,0.9777632374838748,0.04739106446539127
C18:0,PE(18:0_24:5),0.5845352071439027,0.3128880404012054,0.8435508079142549,0.23318932564625744
C18:0,PE(18:1_18:0),0.6964341294776076,-0.12613466141020918,0.9023689527102335,0.1571199539188263
C18:0,PE(18:1_18:1),0.2596020404716057,-0.1946617586679517,0.6256409175365697,0.5856918981370562
C18:0,PE(18:1_18:2),0.8556530747835095,0.4481211420599108,0.9681332911869756,0.06770228462629445
C18:0,PE(18:1_19:1),0.7749089557785209,-0.013425850501810091,0.9291196932468833,0.11074931979337202
C18:0,PE(18:1_20:4),0.001890026237852325,1.1991610310337595,0.050610702591378925,2.723532143813935
C18:0,PE(18:1_21:3COOH),0.0844430931387453,0.7172141832670395,0.42397469680078376,1.0734358664123047
C18:0,PE(18:1_22:1),0.8966210600993209,-0.05712048085862483,0.9777632374838748,0.04739106446539127
C18:0,PE(18:1_22:6),0.6582687521817956,-0.26916374226361406,0.8813487181989597,0.18159676018010848
C18:0,PE(18:1_24:1),0.9792669166582209,-0.26873102344014427,0.9916106172883664,0.009098917312607646
C18:0,PE(18:1_24:2),0.7299448090615872,-0.049193259397235595,0.9182123905980628,0.13670997547228061
C18:0,PE(18:1_24:5),0.14687701992049818,0.8986373232039389,0.47834272703837916,0.833046147429479
C18:0,PE(18:1_26:1),0.8966210600993209,0.10626858910232309,0.9777632374838748,0.04739106446539127
C18:0,PE(18:2_19:1COOH),0.01852459939416461,0.7597384642808004,0.17170878669206427,1.7322511727874763
C18:0,PE(18:2_19:2COOH),0.0007161920205398468,0.9086175125598758,0.04315056923752577,3.1449704613538407
C18:0,PE(18:2_21:3COOH),0.0007161920205398468,0.8781669872604044,0.04315056923752577,3.1449704613538407
C18:0,PE(18:2_22:6),0.4814603110255284,-0.3530626336419813,0.8002202410838093,0.31743950785326386
C18:0,PE(19:0COOH_20:0),0.8966210600993209,0.008680388783806508,0.9777632374838748,0.04739106446539127
C18:0,PE(19:0_18:1),0.4493343693343693,-0.19659872566515932,0.784707123257848,0.3474303610980087
C18:0,PE(19:1CHO),0.29898429116981107,0.7390045149790193,0.6555082299599422,0.5243516290469961
C18:0,PE(19:1COOH_22:1),0.0844430931387453,0.7248844532538057,0.42397469680078376,1.0734358664123047
C18:0,PE(19:1_16:0),0.9792669166582209,0.20436699362529254,0.9916106172883664,0.009098917312607646
C18:0,PE(19:1_18:1),0.0844430931387453,0.48428699606754233,0.42397469680078376,1.0734358664123047
C18:0,PE(19:2),0.01795527849327544,-1.3926235711226878,0.17170878669206427,1.7458078519924576
C18:0,PE(19:2CHO_18:2),0.33318153665979755,0.7932987373639064,0.6747626078572371,0.4773190730080646
C18:0,PE(19:2CHO_20:3),0.47320118288724033,1.4138180929130004,0.8002202410838093,0.3249541783209702
C18:0,PE(19:2CHO_20:5),0.33318153665979755,0.09121037654375083,0.6747626078572371,0.4773190730080646
C18:0,PE(19:2COOH_20:4),0.0014999493260362828,1.5174944330206255,0.050610702591378925,2.8239233838534172
C18:0,PE(19:2COOH_20:5),0.28281837325315584,0.5926703900950613,0.6311039625371347,0.5484923799292724
C18:0,PE(19:2COOH_22:6),0.11878337443554834,0.5855808027595573,0.46929169244208446,0.9252443409435736
C18:0,PE(20:0COOH_20:1),0.5491156830287265,0.017091397294804998,0.8375751874045765,0.2603361523587362
C18:0,PE(20:0COOH_24:0),0.33318153665979755,-0.37318401302320564,0.6747626078572371,0.4773190730080646
C18:0,PE(20:0COOH_28:1),0.276064216367616,-0.05926725198649598,0.6311039625371347,0.5589898831028666
C18:0,PE(20:0_20:0COOH),0.41842370190196276,0.0936400672763427,0.7622523933276661,0.3783837224268474
C18:0,PE(20:0_22:2COOH),0.05832235397452788,0.4733315489318576,0.3513921826965305,1.2341649548384992
C18:0,PE(20:1_20:0COOH),0.6582687521817956,0.12316540607147924,0.8813487181989597,0.18159676018010848
C18:0,PE(20:4_14:0),0.4814603110255284,-0.004123624347982934,0.8002202410838093,0.31743950785326386
C18:0,PE(20:4_19:0),0.9378728196119499,-0.20501389445702517,0.9916106172883664,0.027856050151982257
C18:0,PE(20:5_16:1),0.011246466898640811,-1.259264871964817,0.13324532116959836,1.9489838867947953
C18:0,PE(21:0COOH_18:1),0.07489386619821402,0.460249420764631,0.40286093390752886,1.1255537489483092
C18:0,PE(21:0COOH_18:3),0.28281837325315584,0.17935828455009153,0.6311039625371347,0.5484923799292724
C18:0,PE(21:1),0.15811202844831973,-1.2140814820871864,0.5013815638953297,0.8010350893755247
C18:0,PE(21:1CHO_18:1),0.6582687521817956,0.15346212600608708,0.8813487181989597,0.18159676018010848
C18:0,PE(21:2),0.00031260205173248655,-1.4030836803960884,0.04315056923752577,3.505008036929982
C18:0,PE(21:2CHO),0.2596020404716057,-0.17424701983131585,0.6256409175365697,0.5856918981370562
C18:0,PE(21:2CHO_16:0),0.7353319144623491,-0.07866124352196384,0.9182123905980628,0.13351658455520587
C18:0,PE(21:2CHO_18:1),0.14687701992049818,-0.47267792072880077,0.47834272703837916,0.833046147429479
C18:0,PE(21:2CHO_20:1),0.9792669166582209,-0.20246560860663304,0.9916106172883664,0.009098917312607646
C18:0,PE(21:2CHO_20:3),0.3603220611916264,0.3727193049540789,0.7003033608643707,0.4433091466925798
C18:0,PE(21:2CHO_22:1),0.6964341294776076,-0.5571855010261297,0.9023689527102335,0.1571199539188263
C18:0,PE(21:2CHO_22:4),0.7749089557785209,0.655060425576454,0.9291196932468833,0.11074931979337202
C18:0,PE(21:2CHO_22:5),0.3887328130806392,-0.06907398131847,0.7206508304033388,0.410348798751759
C18:0,PE(21:2CHO_22:6),0.4493343693343693,-0.22502891006725453,0.784707123257848,0.3474303610980087
C18:0,PE(21:2COOH_18:1),0.03390245825028433,0.8203201351277499,0.2589238930136364,1.4697688088985918
C18:0,PE(21:2COOH_20:3),0.006537616972399581,1.0085221051381734,0.11254040645344994,2.1845805209251474
C18:0,PE(21:2COOH_20:4),0.025266713962366134,1.0298252334709694,0.20297593549767462,1.597451234430428
C18:0,PE(21:2COOH_22:5),0.3887328130806392,0.5471888035040546,0.7206508304033388,0.410348798751759
C18:0,PE(21:2COOH_22:6),0.6582687521817956,-0.28137864055036205,0.8813487181989597,0.18159676018010848
C18:0,PE(21:3CHO_18:1),0.7749089557785209,0.8718607602448429,0.9291196932468833,0.11074931979337202
C18:0,PE(21:3CHO_20:3),0.3603220611916264,-0.1450309620403371,0.7003033608643707,0.4433091466925798
C18:0,PE(21:3CHO_20:4),0.5845352071439027,0.19309215558806783,0.8435508079142549,0.23318932564625744
C18:0,PE(21:3CHO_20:5),0.28281837325315584,0.23118007936044177,0.6311039625371347,0.5484923799292724
C18:0,PE(21:3COOH_20:4),0.009435717261804219,1.103210419027896,0.13324532116959836,2.0252250764815662
C18:0,PE(21:3COOH_22:6),0.3603220611916264,-0.8352968880806753,0.7003033608643707,0.4433091466925798
C18:0,PE(21:4),0.4558950473210719,0.5648050693803495,0.7904367367221463,0.3411351256953454
C18:0,PE(22:0COOH_16:0),0.5491156830287265,0.18340521218662093,0.8375751874045765,0.2603361523587362
C18:0,PE(22:0COOH_18:1),0.5491156830287265,0.11328804589983467,0.8375751874045765,0.2603361523587362
C18:0,PE(22:0_18:1),0.07489386619821402,-0.6723654216968209,0.40286093390752886,1.1255537489483092
C18:0,PE(22:0_20:4),0.09491481143655056,0.42551543251842683,0.4315937652114846,1.0226660102633034
C18:0,PE(22:3_19:1COOH),0.05832235397452788,0.43800685943676937,0.3513921826965305,1.2341649548384992
C18:0,PE(22:6_16:0),0.9378728196119499,0.0061420946183111495,0.9916106172883664,0.027856050151982257
C18:0,PE(23:0_16:1),0.14687701992049818,-0.4472308894237987,0.47834272703837916,0.833046147429479
C18:0,PE(23:2),0.001890026237852325,-0.8753342478663912,0.050610702591378925,2.723532143813935
C18:0,PE(23:4_18:1),0.14687701992049818,0.6109866094067857,0.47834272703837916,0.833046147429479
C18:0,PE(23:5_16:1),0.5031832106110548,-0.6041586113556306,0.8161128150601834,0.2982738580579926
C18:0,PE(23:6),0.7636991214610711,-2.914464072574891,0.9291196932468833,0.1170777089409379
C18:0,PE(24:0_17:1),0.21181178678859347,-0.5574393251582943,0.5624310619168028,0.6740498759648796
C18:0,PE(24:0_18:1),0.04479218044435435,-1.0152607230118855,0.30842615677398283,1.34879779499381
C18:0,PE(24:0_20:4),1.0,-0.043447440871528915,1.0,-4.342945178152237e-11
C18:0,PE(24:1_20:4),0.024003698034541058,1.8284278703800958,0.20297593549767462,1.6197218434676568
C18:0,PE(24:2_19:1COOH),0.4814603110255284,-0.41867693509199055,0.8002202410838093,0.31743950785326386
C18:0,PE(24:3_19:1COOH),0.21703771268988659,0.39955989743034287,0.5624310619168028,0.6634647959510547
C18:0,PE(26:0_18:1),0.3603220611916264,-0.12938642520861823,0.7003033608643707,0.4433091466925798
C18:0,PE(26:2_19:1COOH),0.07522299595783734,-0.7743231689025865,0.40286093390752886,1.1236493730477106
C18:0,PE(26:3_19:1COOH),0.5845352071439027,0.29914848653539555,0.8435508079142549,0.23318932564625744
C18:0,PE(28:2_19:1COOH),0.12996033185703731,-1.3970815144328743,0.47834272703837916,0.886189188009377
C18:0,PE(34:0CHO),0.03903832077745121,-1.1730798683856711,0.28509803961714364,1.4085088705478692
C18:0,PE(38:5),1.0,-0.000150106787422558,1.0,-4.342945178152237e-11
C18:0,PE(40:1),0.8556530747835095,-0.12449549690599979,0.9681332911869756,0.06770228462629445
C18:0,PE(43:1),0.21703771268988659,-0.6672593770808619,0.5624310619168028,0.6634647959510547
C18:0,PE(O-12:1_20:4),0.3887328130806392,-0.7146275153024209,0.7206508304033388,0.410348798751759
C18:0,PE(O-12:1_20:5),0.15811202844831973,0.19569973266404764,0.5013815638953297,0.8010350893755247
C18:0,PE(O-12:1_22:6),0.01348745255147136,-1.6220716717430286,0.1477489120411181,1.870070066923736
C18:0,PE(O-13:1_20:5),0.3359961261497624,2.080363207583666,0.6747922200174394,0.4736657296281632
C18:0,PE(O-13:1_5:0),0.1976581872234046,-0.35727980069751164,0.5475358979406956,0.7040851917650605
C18:0,PE(O-14:1_20:4),0.7749089557785209,0.06055550317053123,0.9291196932468833,0.11074931979337202
C18:0,PE(O-14:1_20:5),0.1235314987440067,-0.4553421008799167,0.47834272703837916,0.908222289125672
C18:0,PE(O-15:1_5:0),0.5401964485348838,-0.48925470546951144,0.8375751874045765,0.2674482752824868
C18:0,PE(O-16:0),0.42066210918082825,-1.0854781567142724,0.7622523933276661,0.37606660486283755
C18:0,PE(O-16:0_16:0),0.7353319144623491,-0.33052110265982465,0.9182123905980628,0.13351658455520587
C18:0,PE(O-16:0_18:1),0.009435717261804219,-1.160184433113914,0.13324532116959836,2.0252250764815662
C18:0,PE(O-16:0_22:6),0.9378728196119499,0.1554963545214807,0.9916106172883664,0.027856050151982257
C18:0,PE(O-16:0_2:0),0.1976581872234046,0.13940279463020977,0.5475358979406956,0.7040851917650605
C18:0,PE(O-16:1_16:0),0.8966210600993209,-0.0672692130011456,0.9777632374838748,0.04739106446539127
C18:0,PE(O-16:1_16:1),0.9792669166582209,-0.050750424498747664,0.9916106172883664,0.009098917312607646
C18:0,PE(O-16:1_17:1),0.2596020404716057,-0.23124008934646298,0.6256409175365697,0.5856918981370562
C18:0,PE(O-16:1_18:1),0.14687701992049818,-0.48380119134593685,0.47834272703837916,0.833046147429479
C18:0,PE(O-16:1_18:2),0.8556530747835095,0.13177064441296754,0.9681332911869756,0.06770228462629445
C18:0,PE(O-16:1_18:3),0.5845352071439027,0.3344056830775449,0.8435508079142549,0.23318932564625744
C18:0,PE(O-16:1_20:3),0.6964341294776076,0.8880184430271612,0.9023689527102335,0.1571199539188263
C18:0,PE(O-16:1_20:4),0.9378728196119499,0.11605555208566334,0.9916106172883664,0.027856050151982257
C18:0,PE(O-16:1_20:5),0.28281837325315584,-0.17788877399206135,0.6311039625371347,0.5484923799292724
C18:0,PE(O-16:1_22:4),0.9792669166582209,0.011535311019025862,0.9916106172883664,0.009098917312607646
C18:0,PE(O-16:1_22:6),1.0,-0.16982895768108253,1.0,-4.342945178152237e-11
C18:0,PE(O-16:1_24:5),0.1976581872234046,0.03588295043330391,0.5475358979406956,0.7040851917650605
C18:0,PE(O-17:1_18:1),0.2376703489746968,-0.32375113074484335,0.6093463202436376,0.6240249959599496
C18:0,PE(O-17:1_20:4),0.8556530747835095,0.3538530919606006,0.9681332911869756,0.06770228462629445
C18:0,PE(O-17:1_20:5),0.30735448126752474,-0.2237847366417169,0.6555082299599422,0.5123604502867424
C18:0,PE(O-17:1_22:4),0.11878337443554834,1.3644613684288205,0.46929169244208446,0.9252443409435736
C18:0,PE(O-17:1_22:5),0.28281837325315584,-0.10708685323914637,0.6311039625371347,0.5484923799292724
C18:0,PE(O-17:1_22:6),0.9378728196119499,-0.1838703473189065,0.9916106172883664,0.027856050151982257
C18:0,PE(O-18:0_16:0),0.07489386619821402,-0.7390803053547338,0.40286093390752886,1.1255537489483092
C18:0,PE(O-18:0_18:0),0.5845352071439027,-0.17343145189469186,0.8435508079142549,0.23318932564625744
C18:0,PE(O-18:0_18:1),0.6209546974764365,0.4798632750305193,0.870058616812914,0.20694008309273323
C18:0,PE(O-18:0_20:0),0.4493343693343693,-1.423421852572809,0.784707123257848,0.3474303610980087
C18:0,PE(O-18:0_22:0),0.03437993600181064,-2.6301906467179728,0.2589238930136364,1.4636949348233943
C18:0,PE(O-18:0_22:1),0.1626098217402565,-0.9643694984132726,0.5089476238883354,0.7888532260100934
C18:0,PE(O-18:1_18:1),0.10633874981701068,-0.2852359891232829,0.4496076965947294,0.97330844941337
C18:0,PE(O-18:1_19:3),0.2596020404716057,0.17146324652427666,0.6256409175365697,0.5856918981370562
C18:0,PE(O-18:1_20:0),0.8150364289494724,-0.6402706570229842,0.9628616636118766,0.08882297950346689
C18:0,PE(O-18:1_20:3),0.8150364289494724,0.9469050642897675,0.9628616636118766,0.08882297950346689
C18:0,PE(O-18:1_20:4),0.21202118122412983,-0.5683939130270955,0.5624310619168028,0.6736207500491818
C18:0,PE(O-18:1_22:1),0.28281837325315584,-0.5620591629152271,0.6311039625371347,0.5484923799292724
C18:0,PE(O-18:1_22:2),0.8556530747835095,-0.06683203219591376,0.9681332911869756,0.06770228462629445
C18:0,PE(O-18:1_22:3),0.9792669166582209,0.09955716390947299,0.9916106172883664,0.009098917312607646
C18:0,PE(O-18:1_22:4),0.6582687521817956,-0.25839413207999357,0.8813487181989597,0.18159676018010848
C18:0,PE(O-18:1_22:6),0.09491481143655056,-0.7674596194266404,0.4315937652114846,1.0226660102633034
C18:0,PE(O-18:1_24:4),0.6014709594571155,-1.018655686020654,0.8628244120783621,0.22078533658442406
C18:0,PE(O-18:1_24:5),0.5672282548784278,-0.49116758323929893,0.8435508079142549,0.24624214405279465
C18:0,PE(O-18:1_24:6),0.025266713962366134,0.6312037958633969,0.20297593549767462,1.597451234430428
C18:0,PE(O-18:2_18:1),0.9792669166582209,0.3606379276363547,0.9916106172883664,0.009098917312607646
C18:0,PE(O-18:2_20:1),0.8150364289494724,0.19517532842001686,0.9628616636118766,0.08882297950346689
C18:0,PE(O-18:2_22:6),0.8556530747835095,0.015588991296784586,0.9681332911869756,0.06770228462629445
C18:0,PE(O-18:4_20:5),0.8632499953443968,2.759952050998716,0.972164714383176,0.06386341527039731
C18:0,PE(O-19:0_18:0),0.6582687521817956,-0.5884468927757149,0.8813487181989597,0.18159676018010848
C18:0,PE(O-19:0_18:1),0.5491156830287265,0.23004334072864074,0.8375751874045765,0.2603361523587362
C18:0,PE(O-19:1_18:1),0.9792669166582209,0.16423648350192324,0.9916106172883664,0.009098917312607646
C18:0,PE(O-20:1_18:1),0.14687701992049818,-0.8841361186905533,0.47834272703837916,0.833046147429479
C18:0,PE(O-20:6_18:1),0.4814603110255284,-0.4145469636703205,0.8002202410838093,0.31743950785326386
C18:0,PE(O-21:4_22:0),0.8556530747835095,0.5531760396803698,0.9681332911869756,0.06770228462629445
C18:0,PE(O-21:4_24:1),0.9378728196119499,0.5029863410548352,0.9916106172883664,0.027856050151982257
C18:0,PE(O-24:2_18:1),0.7749089557785209,-0.026849888293788333,0.9291196932468833,0.11074931979337202
C18:0,PE(O-24:8_22:5),0.0014999493260362828,0.9446553709054779,0.050610702591378925,2.8239233838534172
C18:0,PE(O-24:8_22:6),0.1976581872234046,0.6505601621641813,0.5475358979406956,0.7040851917650605
C18:0,PE(O-24:8_24:5),0.004431381822686171,1.0152113187203553,0.08899691827228061,2.353460818289937
C18:0,PE(O-26:8_22:6),0.007872707003141787,0.7613450554418201,0.12648815918381137,2.103875905785912
C18:0,PE(O-36:2),0.17565917408888398,-0.5809050142836194,0.5427418071207826,0.7553291632897636
C18:0,PE(O-50:15),0.0005486301138475052,0.8979480388792309,0.04315056923752577,3.2607202788570335
C18:0,PE(O-5:0_11:1),0.36595769656363786,-0.49397806658835147,0.7055664389746937,0.43656911451646496
C18:0,PE(P-11:0_12:1),0.5845352071439027,0.6165154191383903,0.8435508079142549,0.23318932564625744
C18:0,PE(P-11:0_15:1),0.13227390966521402,0.5895109494720013,0.47834272703837916,0.8785258093453503
C18:0,PE(P-12:0_20:4),0.2762842711569151,-0.7448257716020275,0.6311039625371347,0.5586438385752208
C18:0,PE(P-12:0_20:5),0.10235240054865966,-0.08211400835658274,0.4496076965947294,0.9899019666190724
C18:0,PE(P-12:0_22:6),0.006213598067513952,-2.1358629282220223,0.11254040645344994,2.2066568359336522
C18:0,PE(P-16:0_16:0),0.7353319144623491,-0.18518362284834913,0.9182123905980628,0.13351658455520587
C18:0,PE(P-16:0_16:1),0.33318153665979755,-0.3618104643120822,0.6747626078572371,0.4773190730080646
C18:0,PE(P-16:0_18:1),0.05832235397452788,-0.6367348052488546,0.3513921826965305,1.2341649548384992
C18:0,PE(P-16:0_18:2),0.6964341294776076,-0.19161847334855917,0.9023689527102335,0.1571199539188263
C18:0,PE(P-16:0_20:3),0.6964341294776076,0.7562507491199579,0.9023689527102335,0.1571199539188263
C18:0,PE(P-16:0_20:4),0.7353319144623491,-0.08468509741645175,0.9182123905980628,0.13351658455520587
C18:0,PE(P-16:0_20:5),0.41842370190196276,-0.18070846361078965,0.7622523933276661,0.3783837224268474
C18:0,PE(P-16:0_22:5),0.5491156830287265,0.26912910176847354,0.8375751874045765,0.2603361523587362
C18:0,PE(P-16:0_22:6),0.10633874981701068,-0.6982450139073455,0.4496076965947294,0.97330844941337
C18:0,PE(P-16:3_4:0),0.9792669166582209,-0.03399852811584517,0.9916106172883664,0.009098917312607646
C18:0,PE(P-17:0_18:1),0.09491481143655056,-0.5749833504912789,0.4315937652114846,1.0226660102633034
C18:0,PE(P-17:0_20:4),0.6209546974764365,0.14112074566831778,0.870058616812914,0.20694008309273323
C18:0,PE(P-18:0_16:0),0.015756224451876626,-0.9571230181097855,0.1582187538709278,1.8025478384146858
C18:0,PE(P-18:0_18:1),0.011246466898640811,-1.2197917438719073,0.13324532116959836,1.9489838867947953
C18:0,PE(P-18:0_20:1),0.11878337443554834,-0.8040996919848297,0.46929169244208446,0.9252443409435736
C18:0,PE(P-18:0_20:3),0.21703771268988659,0.5357615384730441,0.5624310619168028,0.6634647959510547
C18:0,PE(P-18:0_20:4),0.13227390966521402,-0.5849958302805812,0.47834272703837916,0.8785258093453503
C18:0,PE(P-18:0_22:1),0.09491481143655056,-0.9360732288311461,0.4315937652114846,1.0226660102633034
C18:0,PE(P-18:0_22:3),0.5845352071439027,0.14890104519033134,0.8435508079142549,0.23318932564625744
C18:0,PE(P-18:0_22:5),0.14687701992049818,-0.5305127667349907,0.47834272703837916,0.833046147429479
C18:0,PE(P-18:0_24:5),0.6582687521817956,-0.1186141331574309,0.8813487181989597,0.18159676018010848
C18:0,PE(P-18:0_24:6),0.8556530747835095,0.002747356609750648,0.9681332911869756,0.06770228462629445
C18:0,PE(P-18:1_18:1),0.3887328130806392,0.08572154437244808,0.7206508304033388,0.410348798751759
C18:0,PE(P-18:1_20:1),0.4814603110255284,0.08115393802663795,0.8002202410838093,0.31743950785326386
C18:0,PE(P-18:1_22:5),0.05832235397452788,-0.7548257248674938,0.3513921826965305,1.2341649548384992
C18:0,PE(P-18:1_22:6),0.9792669166582209,-0.17401040507839302,0.9916106172883664,0.009098917312607646
C18:0,PE(P-20:0_20:4),0.8556530747835095,-0.10994963762653817,0.9681332911869756,0.06770228462629445
C18:0,PE(P-20:2),0.0009026906796494815,-2.0209929461211904,0.04350969075910501,3.0444609935298463
C18:0,PE(P-20:6_12:1),0.4437314728134022,-2.1191160525982196,0.784707123257848,0.35287976662293236
C18:0,PE(P-20:6_18:1),0.19321242087803703,-0.2427741699965091,0.5475358979406956,0.7139649576885125
C18:0,PE(P-24:8_24:4),0.003614292309944484,0.9974137105905493,0.08710444466966207,2.4419767142852873
C18:0,PE(P-24:8_24:5),0.004431381822686171,0.7690122897749497,0.08899691827228061,2.353460818289937
C18:0,PE(P-49:15),0.01161058815170774,1.63896635136685,0.13324532116959836,1.9351457761271702
C18:0,PE(P-4:0_14:0),0.2596020404716057,-0.3544311201286093,0.6256409175365697,0.5856918981370562
C18:0,PE(P-7:0_13:0),0.5055528769020861,-0.5304412809842383,0.8161128150601834,0.29623341378367546
C18:0+C18:1,PE(12:0CHO_32:0),0.47606811983772523,-0.09697303962876593,0.726154537220834,0.32233090022827676
C18:0+C18:1,PE(13:1_8:0CHO),0.1661697062154728,-1.1818956729305856,0.4824927614208307,0.7794481476950808
C18:0+C18:1,PE(14:0_16:1),0.25981207960612995,-0.9946204500656138,0.5397819929748044,0.5853406607004195
C18:0+C18:1,PE(14:0_20:5),0.1895232140440285,-0.3766696564149525,0.4859052615384135,0.7223375869772548
C18:0+C18:1,PE(16:0COOH_18:0),0.1661697062154728,-0.46795296307052964,0.4824927614208307,0.7794481476950808
C18:0+C18:1,PE(16:0_16:1),0.2094110440792363,-0.4302282572329735,0.4947849178734897,0.6790004176924328
C18:0+C18:1,PE(16:0_17:1),0.2877805515105286,-0.18233739239120839,0.5593154267261081,0.5409385593001328
C18:0+C18:1,PE(16:0_18:0),0.8041571319603358,-0.10739674168371309,0.9056162093572007,0.09465908194917694
C18:0+C18:1,PE(16:0_18:1),0.2094110440792363,-0.4175328179757327,0.4947849178734897,0.6790004176924328
C18:0+C18:1,PE(16:0_19:0COOH),0.5761158495712273,-0.13446076833239254,0.802566010096334,0.2394901766219939
C18:0+C18:1,PE(16:0_20:4),0.07491967732242333,0.7601271524617755,0.35403220068047103,1.1254041012108837
C18:0+C18:1,PE(16:0_20:5),0.6640027275038718,-0.21551953228695378,0.8378254310389168,0.17783013662463715
C18:0+C18:1,PE(16:0_22:6),0.8041571319603358,-0.10512999782659957,0.9056162093572007,0.09465908194917694
C18:0+C18:1,PE(16:1_16:1),0.3175923999722627,-0.7928509999503097,0.584273041170346,0.4981298987076942
C18:0+C18:1,PE(16:1_18:1),0.4551233155352149,-0.15130717300010263,0.6986287837196611,0.34187091533443004
C18:0+C18:1,PE(16:1_18:2),0.34926496082102493,-0.590869193088511,0.6012346825561928,0.4568449816166929
C18:0+C18:1,PE(16:1_19:3COOH),0.7268002903898674,-0.5249264413401248,0.8846407574947376,0.13858490778375943
C18:0+C18:1,PE(16:1_22:6),0.6194091949240692,0.3371087125055703,0.8112913911777211,0.20802235190371735
C18:0+C18:1,PE(17:0CHO_20:3),0.05531863254975383,-0.356873321443834,0.31004163824396913,1.2571285631976832
C18:0+C18:1,PE(17:0_18:1),0.49387467350854086,0.6495498005081832,0.7392782379848345,0.30638324432655706
C18:0+C18:1,PE(17:0_20:4),0.09949032660703143,0.9047576328041118,0.38672852761765447,1.002219142992794
C18:0+C18:1,PE(17:1COOH_18:1),1.0,-0.057948362210381625,1.0,-4.342945178152237e-11
C18:0+C18:1,PE(17:1_18:1),0.019485472574717423,-1.5080399474578146,0.21827031981494222,1.7102890547144178
C18:0+C18:1,PE(17:2COOH_4:0),0.41807086887178424,0.28129810235686076,0.658529930706536,0.3787500928790761
C18:0+C18:1,PE(18:0_18:0),0.8041571319603358,-0.06722511132925156,0.9056162093572007,0.09465908194917694
C18:0+C18:1,PE(18:0_18:0COOH),0.1869206943577653,-0.34774000302462843,0.48438588537872507,0.7283426141306307
C18:0+C18:1,PE(18:0_18:1),0.709751982063195,0.0865903229053902,0.8682752673971066,0.1488933859224493
C18:0+C18:1,PE(18:0_18:2),0.41807086887178424,-0.6881936687851367,0.658529930706536,0.3787500928790761
C18:0+C18:1,PE(18:0_19:0COOH),0.8041571319603358,-0.2051146256757376,0.9056162093572007,0.09465908194917694
C18:0+C18:1,PE(18:0_20:0),0.02826318100917643,-1.6746166541852228,0.23487678011074203,1.5487789585380431
C18:0+C18:1,PE(18:0_20:0COOH),0.9505928853754944,0.009177089288014235,0.9666366471539838,0.022005440420280516
C18:0+C18:1,PE(18:0_20:1),0.11385595081247257,-0.5602853613588006,0.4095415544150133,0.9436442651726221
C18:0+C18:1,PE(18:0_20:2),0.3175923999722627,0.30562267248490205,0.584273041170346,0.4981298987076942
C18:0+C18:1,PE(18:0_20:3),0.5761158495712273,-0.5048366024579498,0.802566010096334,0.2394901766219939
C18:0+C18:1,PE(18:0_20:4),0.34926496082102493,0.44312916484018,0.6012346825561928,0.4568449816166929
C18:0+C18:1,PE(18:0_21:2COOH),0.25981207960612995,-0.9855436198795986,0.5397819929748044,0.5853406607004195
C18:0+C18:1,PE(18:0_21:6CHO),0.8041571319603358,-0.06394421278952557,0.9056162093572007,0.09465908194917694
C18:0+C18:1,PE(18:0_22:3),0.2094110440792363,0.4657741130249784,0.4947849178734897,0.6790004176924328
C18:0+C18:1,PE(18:0_22:4),0.8041571319603358,0.28063013233496475,0.9056162093572007,0.09465908194917694
C18:0+C18:1,PE(18:0_22:4COOH),0.005368328594873217,1.0908918189037142,0.14888640933991465,2.270160900812354
C18:0+C18:1,PE(18:0_22:5),0.3827635623974297,-0.28050091006051364,0.6361794381915901,0.41706941195970587
C18:0+C18:1,PE(18:0_22:6),0.2877805515105286,-0.8182934020535004,0.5593154267261081,0.5409385593001328
C18:0+C18:1,PE(18:0_24:5),0.3175923999722627,0.301051530245896,0.584273041170346,0.4981298987076942
C18:0+C18:1,PE(18:1_18:0),0.1869206943577653,-0.3038814601522338,0.48438588537872507,0.7283426141306307
C18:0+C18:1,PE(18:1_18:1),0.41807086887178424,-0.7206369859015259,0.658529930706536,0.3787500928790761
C18:0+C18:1,PE(18:1_18:2),0.34926496082102493,0.4891400494539894,0.6012346825561928,0.4568449816166929
C18:0+C18:1,PE(18:1_19:1),0.07491967732242333,0.8763158000067496,0.35403220068047103,1.1254041012108837
C18:0+C18:1,PE(18:1_20:4),0.07491967732242333,1.1802513257967382,0.35403220068047103,1.1254041012108837
C18:0+C18:1,PE(18:1_21:3COOH),0.709751982063195,0.6033945888575294,0.8682752673971066,0.1488933859224493
C18:0+C18:1,PE(18:1_22:1),0.5761158495712273,-0.0192897747701134,0.802566010096334,0.2394901766219939
C18:0+C18:1,PE(18:1_22:6),1.0,0.04539918992555054,1.0,-4.342945178152237e-11
C18:0+C18:1,PE(18:1_24:1),0.41807086887178424,-0.37721991603869637,0.658529930706536,0.3787500928790761
C18:0+C18:1,PE(18:1_24:2),0.756524050574394,-0.35491475061105,0.898139390090783,0.12117726075494678
C18:0+C18:1,PE(18:1_24:5),0.6640027275038718,0.27784457857367273,0.8378254310389168,0.17783013662463715
C18:0+C18:1,PE(18:1_26:1),0.5761158495712273,-0.5987155687953601,0.802566010096334,0.2394901766219939
C18:0+C18:1,PE(18:2_19:1COOH),0.9013649076578141,0.19669046375941424,0.9485980032556035,0.04509935403496214
C18:0+C18:1,PE(18:2_19:2COOH),0.6640027275038718,0.3673256949486652,0.8378254310389168,0.17783013662463715
C18:0+C18:1,PE(18:2_21:3COOH),0.013076994198275661,0.7939816517972536,0.21010370678562895,1.8834920656201481
C18:0+C18:1,PE(18:2_22:6),0.9013649076578141,-0.09146248220049909,0.9485980032556035,0.04509935403496214
C18:0+C18:1,PE(19:0COOH_20:0),0.756524050574394,-0.09461137304318054,0.898139390090783,0.12117726075494678
C18:0+C18:1,PE(19:0_18:1),0.8524952037537852,-0.037212921966474376,0.9296440909713224,0.06930805567352309
C18:0+C18:1,PE(19:1CHO),0.030676407613806016,-1.6549990086127733,0.24643380783090832,1.5131954987456886
C18:0+C18:1,PE(19:1COOH_22:1),0.11385595081247257,0.4458683640626492,0.4095415544150133,0.9436442651726221
C18:0+C18:1,PE(19:1_16:0),0.1661697062154728,-0.4075644299993484,0.4824927614208307,0.7794481476950808
C18:0+C18:1,PE(19:1_18:1),0.12970089915170008,0.3392247790161584,0.4224042796697259,0.8870570128234193
C18:0+C18:1,PE(19:2),0.00047610838426914845,-2.6175539369682363,0.043636209540099696,3.322294079314308
C18:0+C18:1,PE(19:2CHO_18:2),0.6640027275038718,0.5130157812950312,0.8378254310389168,0.17783013662463715
C18:0+C18:1,PE(19:2CHO_20:3),0.8041571319603358,0.8595247117179228,0.9056162093572007,0.09465908194917694
C18:0+C18:1,PE(19:2CHO_20:5),0.1869206943577653,0.051844807875100735,0.48438588537872507,0.7283426141306307
C18:0+C18:1,PE(19:2COOH_20:4),0.019485472574717423,1.2952033591936296,0.21827031981494222,1.7102890547144178
C18:0+C18:1,PE(19:2COOH_20:5),0.1869206943577653,0.6457670230429734,0.48438588537872507,0.7283426141306307
C18:0+C18:1,PE(19:2COOH_22:6),0.2877805515105286,0.5226861481941443,0.5593154267261081,0.5409385593001328
C18:0+C18:1,PE(20:0COOH_20:1),0.1661697062154728,-0.5809458892022694,0.4824927614208307,0.7794481476950808
C18:0+C18:1,PE(20:0COOH_24:0),0.41807086887178424,-0.6659026932507943,0.658529930706536,0.3787500928790761
C18:0+C18:1,PE(20:0COOH_28:1),0.6194091949240692,-0.08647762110559087,0.8112913911777211,0.20802235190371735
C18:0+C18:1,PE(20:0_20:0COOH),0.5761158495712273,-0.21763993179479849,0.802566010096334,0.2394901766219939
C18:0+C18:1,PE(20:0_22:2COOH),0.2094110440792363,0.1641768172518232,0.4947849178734897,0.6790004176924328
C18:0+C18:1,PE(20:1_20:0COOH),0.6194091949240692,0.12116191738545569,0.8112913911777211,0.20802235190371735
C18:0+C18:1,PE(20:4_14:0),0.2877805515105286,-0.8765223295168363,0.5593154267261081,0.5409385593001328
C18:0+C18:1,PE(20:4_19:0),0.5342324850334005,0.2745820225671714,0.7898774778714693,0.272269707319449
C18:0+C18:1,PE(20:5_16:1),0.5761158495712273,-0.7581170502205116,0.802566010096334,0.2394901766219939
C18:0+C18:1,PE(21:0COOH_18:1),0.1869206943577653,0.24668604124012578,0.48438588537872507,0.7283426141306307
C18:0+C18:1,PE(21:0COOH_18:3),1.0,0.003798113145669449,1.0,-4.342945178152237e-11
C18:0+C18:1,PE(21:1),0.023547835332732355,-2.5053740011550807,0.21827031981494222,1.6280490079756313
C18:0+C18:1,PE(21:1CHO_18:1),0.09949032660703143,-1.0631475617006103,0.38672852761765447,1.002219142992794
C18:0+C18:1,PE(21:2),0.001421538034810346,-1.9794365490583437,0.05709844439821557,2.847241485241528
C18:0+C18:1,PE(21:2CHO),0.1869206943577653,-0.5036215738733766,0.48438588537872507,0.7283426141306307
C18:0+C18:1,PE(21:2CHO_16:0),0.2094110440792363,-0.4090257859187304,0.4947849178734897,0.6790004176924328
C18:0+C18:1,PE(21:2CHO_18:1),0.06454707255622588,-0.7832753081651066,0.342870541846156,1.1901234491074915
C18:0+C18:1,PE(21:2CHO_20:1),0.8041571319603358,-0.12387727228650756,0.9056162093572007,0.09465908194917694
C18:0+C18:1,PE(21:2CHO_20:3),0.2094110440792363,-0.1856160746642885,0.4947849178734897,0.6790004176924328
C18:0+C18:1,PE(21:2CHO_22:1),0.25981207960612995,-0.6872078259866037,0.5397819929748044,0.5853406607004195
C18:0+C18:1,PE(21:2CHO_22:4),0.6194091949240692,0.6919967286506227,0.8112913911777211,0.20802235190371735
C18:0+C18:1,PE(21:2CHO_22:5),0.709751982063195,-0.18084740768030477,0.8682752673971066,0.1488933859224493
C18:0+C18:1,PE(21:2CHO_22:6),0.23370432008875947,-0.48255022285856974,0.5313466145414248,0.6313332592945632
C18:0+C18:1,PE(21:2COOH_18:1),0.5761158495712273,0.388106633908391,0.802566010096334,0.2394901766219939
C18:0+C18:1,PE(21:2COOH_20:3),0.08654624043640063,0.8923414137081209,0.3659235779854834,1.062751792603806
C18:0+C18:1,PE(21:2COOH_20:4),0.08654624043640063,0.9040446189323356,0.3659235779854834,1.062751792603806
C18:0+C18:1,PE(21:2COOH_22:5),0.3827635623974297,0.2054243594330195,0.6361794381915901,0.41706941195970587
C18:0+C18:1,PE(21:2COOH_22:6),0.756524050574394,-0.6289055677810851,0.898139390090783,0.12117726075494678
C18:0+C18:1,PE(21:3CHO_18:1),0.14712340799297322,-0.0008852495274098202,0.4604771600819032,0.8323182232831069
C18:0+C18:1,PE(21:3CHO_20:3),0.6194091949240692,0.2605248460699262,0.8112913911777211,0.20802235190371735
C18:0+C18:1,PE(21:3CHO_20:4),0.9505928853754944,-0.013338468414656083,0.9666366471539838,0.022005440420280516
C18:0+C18:1,PE(21:3CHO_20:5),0.9013649076578141,0.022734741735230032,0.9485980032556035,0.04509935403496214
C18:0+C18:1,PE(21:3COOH_20:4),0.02826318100917643,0.9681718136541484,0.23487678011074203,1.5487789585380431
C18:0+C18:1,PE(21:3COOH_22:6),0.6640027275038718,-0.5088789659671199,0.8378254310389168,0.17783013662463715
C18:0+C18:1,PE(21:4),0.3066544070973207,1.177437629315735,0.584273041170346,0.5133507893077357
C18:0+C18:1,PE(22:0COOH_16:0),0.09949032660703143,-1.0141496511171002,0.38672852761765447,1.002219142992794
C18:0+C18:1,PE(22:0COOH_18:1),0.2877805515105286,0.2826893034214924,0.5593154267261081,0.5409385593001328
C18:0+C18:1,PE(22:0_18:1),0.033723967362411296,-0.8542055433668316,0.2539836291981601,1.4720613383867285
C18:0+C18:1,PE(22:0_20:4),1.0,-0.11481606570786594,1.0,-4.342945178152237e-11
C18:0+C18:1,PE(22:3_19:1COOH),0.05531863254975383,0.6079223524961072,0.31004163824396913,1.2571285631976832
C18:0+C18:1,PE(22:6_16:0),0.9013649076578141,-0.06080126402609819,0.9485980032556035,0.04509935403496214
C18:0+C18:1,PE(23:0_16:1),0.12970089915170008,-0.5930700896876997,0.4224042796697259,0.8870570128234193
C18:0+C18:1,PE(23:2),0.001421538034810346,-0.9573397266107215,0.05709844439821557,2.847241485241528
C18:0+C18:1,PE(23:4_18:1),0.5761158495712273,0.6796887689138137,0.802566010096334,0.2394901766219939
C18:0+C18:1,PE(23:5_16:1),0.7957794890939108,-0.15057729054509733,0.9056162093572007,0.09920725876175793
C18:0+C18:1,PE(23:6),0.9120245556922733,-0.9267796067033536,0.955643121399295,0.03999346835851978
C18:0+C18:1,PE(24:0_17:1),0.09949032660703143,-0.8789275539107372,0.38672852761765447,1.002219142992794
C18:0+C18:1,PE(24:0_18:1),0.07491967732242333,-0.8251458562933499,0.35403220068047103,1.1254041012108837
C18:0+C18:1,PE(24:0_20:4),0.23370432008875947,0.40944269516710374,0.5313466145414248,0.6313332592945632
C18:0+C18:1,PE(24:1_20:4),0.05531863254975383,1.6328524424508146,0.31004163824396913,1.2571285631976832
C18:0+C18:1,PE(24:2_19:1COOH),0.1661697062154728,-0.604399848987612,0.4824927614208307,0.7794481476950808
C18:0+C18:1,PE(24:3_19:1COOH),0.9013649076578141,0.13084215827358237,0.9485980032556035,0.04509935403496214
C18:0+C18:1,PE(26:0_18:1),0.2877805515105286,-0.6518696977290089,0.5593154267261081,0.5409385593001328
C18:0+C18:1,PE(26:2_19:1COOH),0.34926496082102493,-0.6940026542915577,0.6012346825561928,0.4568449816166929
C18:0+C18:1,PE(26:3_19:1COOH),0.756524050574394,-0.24108618603664883,0.898139390090783,0.12117726075494678
C18:0+C18:1,PE(28:2_19:1COOH),0.18191342853671577,-0.9653356885790332,0.48438588537872507,0.7401352406420427
C18:0+C18:1,PE(34:0CHO),0.49387467350854086,-0.6617028565383463,0.7392782379848345,0.30638324432655706
C18:0+C18:1,PE(38:5),0.9505928853754944,0.09107729174104254,0.9666366471539838,0.022005440420280516
C18:0+C18:1,PE(40:1),0.1869206943577653,-0.45736234960132977,0.48438588537872507,0.7283426141306307
C18:0+C18:1,PE(43:1),0.14712340799297322,-0.8430111484063287,0.4604771600819032,0.8323182232831069
C18:0+C18:1,PE(O-12:1_20:4),0.4089067182778575,-0.23179104530477343,0.658529930706536,0.38837575388571965
C18:0+C18:1,PE(O-12:1_20:5),0.2519248652206483,1.3750820014342278,0.5397819929748044,0.5987289649409531
C18:0+C18:1,PE(O-12:1_22:6),0.08654624043640063,-1.2685732808257455,0.3659235779854834,1.062751792603806
C18:0+C18:1,PE(O-13:1_20:5),0.36382415428011317,2.714961668249801,0.621855469372392,0.439108471391918
C18:0+C18:1,PE(O-13:1_5:0),0.2877805515105286,-0.22170792043322735,0.5593154267261081,0.5409385593001328
C18:0+C18:1,PE(O-14:1_20:4),0.9505928853754944,0.12084919341979229,0.9666366471539838,0.022005440420280516
C18:0+C18:1,PE(O-14:1_20:5),0.12970089915170008,0.1850151522390691,0.4224042796697259,0.8870570128234193
C18:0+C18:1,PE(O-15:1_5:0),0.848762126380035,-0.3421472308454975,0.9296440909713224,0.0712140077915688
C18:0+C18:1,PE(O-16:0),0.25088754231211285,-0.9310259862315778,0.5397819929748044,0.6005209026391389
C18:0+C18:1,PE(O-16:0_16:0),0.07491967732242333,-0.92514561338018,0.35403220068047103,1.1254041012108837
C18:0+C18:1,PE(O-16:0_18:1),0.0010459283914661488,-1.0828961607210792,0.05709844439821557,2.98049800650436
C18:0+C18:1,PE(O-16:0_22:6),0.709751982063195,-0.04443466453962159,0.8682752673971066,0.1488933859224493
C18:0+C18:1,PE(O-16:0_2:0),0.05531863254975383,-1.1733899104204975,0.31004163824396913,1.2571285631976832
C18:0+C18:1,PE(O-16:1_16:0),0.3175923999722627,-0.376592414296581,0.584273041170346,0.4981298987076942
C18:0+C18:1,PE(O-16:1_16:1),0.08654624043640063,-0.9071460145087376,0.3659235779854834,1.062751792603806
C18:0+C18:1,PE(O-16:1_17:1),0.1661697062154728,-0.5054292293466207,0.4824927614208307,0.7794481476950808
C18:0+C18:1,PE(O-16:1_18:1),0.03999375910131059,-0.9659066847627008,0.27538559838331,1.3980077725692726
C18:0+C18:1,PE(O-16:1_18:2),0.11385595081247257,-0.4588052608570616,0.4095415544150133,0.9436442651726221
C18:0+C18:1,PE(O-16:1_18:3),0.2877805515105286,0.30432459408057494,0.5593154267261081,0.5409385593001328
C18:0+C18:1,PE(O-16:1_20:3),0.3827635623974297,0.6500553990868111,0.6361794381915901,0.41706941195970587
C18:0+C18:1,PE(O-16:1_20:4),0.5761158495712273,-0.13897185874995502,0.802566010096334,0.2394901766219939
C18:0+C18:1,PE(O-16:1_20:5),0.05531863254975383,-0.2494832050459835,0.31004163824396913,1.2571285631976832
C18:0+C18:1,PE(O-16:1_22:4),0.8041571319603358,-0.061014290469827766,0.9056162093572007,0.09465908194917694
C18:0+C18:1,PE(O-16:1_22:6),0.12970089915170008,-0.45524099171870963,0.4224042796697259,0.8870570128234193
C18:0+C18:1,PE(O-16:1_24:5),0.34926496082102493,-0.29106397734740325,0.6012346825561928,0.4568449816166929
C18:0+C18:1,PE(O-17:1_18:1),0.02826318100917643,-0.7493118498544107,0.23487678011074203,1.5487789585380431
C18:0+C18:1,PE(O-17:1_20:4),0.9505928853754944,0.2644029711538073,0.9666366471539838,0.022005440420280516
C18:0+C18:1,PE(O-17:1_20:5),0.12970089915170008,-0.15742958874176616,0.4224042796697259,0.8870570128234193
C18:0+C18:1,PE(O-17:1_22:4),0.1869206943577653,0.7986171806075074,0.48438588537872507,0.7283426141306307
C18:0+C18:1,PE(O-17:1_22:5),0.25981207960612995,-0.44753242601992105,0.5397819929748044,0.5853406607004195
C18:0+C18:1,PE(O-17:1_22:6),0.05531863254975383,-0.7038425789821808,0.31004163824396913,1.2571285631976832
C18:0+C18:1,PE(O-18:0_16:0),0.006795645239581166,-0.9127774787526015,0.14888640933991465,2.1677692947650384
C18:0+C18:1,PE(O-18:0_18:0),0.006795645239581166,-1.7505201638392112,0.14888640933991465,2.1677692947650384
C18:0+C18:1,PE(O-18:0_18:1),0.14712340799297322,-0.05216336066055319,0.4604771600819032,0.8323182232831069
C18:0+C18:1,PE(O-18:0_20:0),0.06454707255622588,-3.030509787949776,0.342870541846156,1.1901234491074915
C18:0+C18:1,PE(O-18:0_22:0),0.2274450935790654,-2.934203257425921,0.5313466145414248,0.6431234270955792
C18:0+C18:1,PE(O-18:0_22:1),0.11385595081247257,-1.1266856287022222,0.4095415544150133,0.9436442651726221
C18:0+C18:1,PE(O-18:1_18:1),0.005368328594873217,-1.7829845277227958,0.14888640933991465,2.270160900812354
C18:0+C18:1,PE(O-18:1_19:3),0.12970089915170008,0.03207918156412715,0.4224042796697259,0.8870570128234193
C18:0+C18:1,PE(O-18:1_20:0),0.2094110440792363,-1.3399128336661361,0.4947849178734897,0.6790004176924328
C18:0+C18:1,PE(O-18:1_20:3),0.3175923999722627,-0.4462703527860788,0.584273041170346,0.4981298987076942
C18:0+C18:1,PE(O-18:1_20:4),0.023547835332732355,-0.6566605308643325,0.21827031981494222,1.6280490079756313
C18:0+C18:1,PE(O-18:1_22:1),0.03999375910131059,-1.0544900683178566,0.27538559838331,1.3980077725692726
C18:0+C18:1,PE(O-18:1_22:2),0.6194091949240692,-0.29374530535328336,0.8112913911777211,0.20802235190371735
C18:0+C18:1,PE(O-18:1_22:3),0.8524952037537852,-0.2039368438193553,0.9296440909713224,0.06930805567352309
C18:0+C18:1,PE(O-18:1_22:4),0.9505928853754944,-0.15570741404808472,0.9666366471539838,0.022005440420280516
C18:0+C18:1,PE(O-18:1_22:6),0.010597970552203961,-0.9222856113894278,0.18243649307722534,1.9747772874640295
C18:0+C18:1,PE(O-18:1_24:4),0.4051678853186117,1.3535682772220026,0.658529930706536,0.39236498517309654
C18:0+C18:1,PE(O-18:1_24:5),0.6740682241593516,-0.5452523637276183,0.8460960522000196,0.17129614512657762
C18:0+C18:1,PE(O-18:1_24:6),0.2094110440792363,0.40017169134330344,0.4947849178734897,0.6790004176924328
C18:0+C18:1,PE(O-18:2_18:1),0.5761158495712273,0.10362499243483425,0.802566010096334,0.2394901766219939
C18:0+C18:1,PE(O-18:2_20:1),0.8524952037537852,0.4924917683856713,0.9296440909713224,0.06930805567352309
C18:0+C18:1,PE(O-18:2_22:6),0.6640027275038718,0.06024745756337673,0.8378254310389168,0.17783013662463715
C18:0+C18:1,PE(O-18:4_20:5),0.6164234431145568,2.8623668803549163,0.8112913911777211,0.2101208529758185
C18:0+C18:1,PE(O-19:0_18:0),0.34926496082102493,-0.8069389926382213,0.6012346825561928,0.4568449816166929
C18:0+C18:1,PE(O-19:0_18:1),0.8524952037537852,-0.15633856137601482,0.9296440909713224,0.06930805567352309
C18:0+C18:1,PE(O-19:1_18:1),0.4551233155352149,-0.20326947701240267,0.6986287837196611,0.34187091533443004
C18:0+C18:1,PE(O-20:1_18:1),0.033723967362411296,-1.0641794336182646,0.2539836291981601,1.4720613383867285
C18:0+C18:1,PE(O-20:6_18:1),0.00851767098906687,-0.8801958216796432,0.17106322569709298,2.0696791342741547
C18:0+C18:1,PE(O-21:4_22:0),0.8041571319603358,0.30240978020026155,0.9056162093572007,0.09465908194917694
C18:0+C18:1,PE(O-21:4_24:1),0.9505928853754944,0.2762002238085661,0.9666366471539838,0.022005440420280516
C18:0+C18:1,PE(O-24:2_18:1),0.49387467350854086,-0.40710108168914483,0.7392782379848345,0.30638324432655706
C18:0+C18:1,PE(O-24:8_22:5),0.8524952037537852,-0.1209167098163065,0.9296440909713224,0.06930805567352309
C18:0+C18:1,PE(O-24:8_22:6),0.34926496082102493,0.024422748003627957,0.6012346825561928,0.4568449816166929
C18:0+C18:1,PE(O-24:8_24:5),0.4551233155352149,0.15498457823153544,0.6986287837196611,0.34187091533443004
C18:0+C18:1,PE(O-26:8_22:6),0.08654624043640063,0.3294565141935215,0.3659235779854834,1.062751792603806
C18:0+C18:1,PE(O-36:2),0.023547835332732355,-0.7328336527882771,0.21827031981494222,1.6280490079756313
C18:0+C18:1,PE(O-50:15),0.016024085246053206,0.7374561759041149,0.21454469690549016,1.795226750607812
C18:0+C18:1,PE(O-5:0_11:1),0.09949032660703143,-0.977673837314272,0.38672852761765447,1.002219142992794
C18:0+C18:1,PE(P-11:0_12:1),0.9013649076578141,0.11253585937090764,0.9485980032556035,0.04509935403496214
C18:0+C18:1,PE(P-11:0_15:1),0.6640027275038718,0.1930144706158969,0.8378254310389168,0.17783013662463715
C18:0+C18:1,PE(P-12:0_20:4),0.9013649076578141,0.04702693952916723,0.9485980032556035,0.04509935403496214
C18:0+C18:1,PE(P-12:0_20:5),0.24712131909476087,0.8022401590918091,0.5397819929748044,0.6070897863289916
C18:0+C18:1,PE(P-12:0_22:6),0.06544416981295924,-1.2879183508640526,0.342870541846156,1.184129036468578
C18:0+C18:1,PE(P-16:0_16:0),0.25981207960612995,-0.7188086063821746,0.5397819929748044,0.5853406607004195
C18:0+C18:1,PE(P-16:0_16:1),0.023547835332732355,-1.091958595898306,0.21827031981494222,1.6280490079756313
C18:0+C18:1,PE(P-16:0_18:1),0.010597970552203961,-1.0799132202366974,0.18243649307722534,1.9747772874640295
C18:0+C18:1,PE(P-16:0_18:2),0.11385595081247257,-0.5029416596406847,0.4095415544150133,0.9436442651726221
C18:0+C18:1,PE(P-16:0_20:3),0.34926496082102493,0.5260410149813872,0.6012346825561928,0.4568449816166929
C18:0+C18:1,PE(P-16:0_20:4),0.23370432008875947,-0.2991489525990907,0.5313466145414248,0.6313332592945632
C18:0+C18:1,PE(P-16:0_20:5),0.03999375910131059,-0.2724386527769609,0.27538559838331,1.3980077725692726
C18:0+C18:1,PE(P-16:0_22:5),0.3827635623974297,-0.31484652171339633,0.6361794381915901,0.41706941195970587
C18:0+C18:1,PE(P-16:0_22:6),0.000543189330374685,-1.2657129657648707,0.043636209540099696,3.2650486893435526
C18:0+C18:1,PE(P-16:3_4:0),0.9013649076578141,-0.00751900053590229,0.9485980032556035,0.04509935403496214
C18:0+C18:1,PE(P-17:0_18:1),0.34926496082102493,-0.34262098470140817,0.6012346825561928,0.4568449816166929
C18:0+C18:1,PE(P-17:0_20:4),0.25981207960612995,-0.03234121176042156,0.5397819929748044,0.5853406607004195
C18:0+C18:1,PE(P-18:0_16:0),0.0003813882532418001,-1.1253419621392475,0.043636209540099696,3.4186325734820673
C18:0+C18:1,PE(P-18:0_18:1),0.006795645239581166,-1.3259677047113052,0.14888640933991465,2.1677692947650384
C18:0+C18:1,PE(P-18:0_20:1),0.016024085246053206,-1.3193753564194508,0.21454469690549016,1.795226750607812
C18:0+C18:1,PE(P-18:0_20:3),0.1869206943577653,0.2641987314500421,0.48438588537872507,0.7283426141306307
C18:0+C18:1,PE(P-18:0_20:4),0.023547835332732355,-0.5965951373223422,0.21827031981494222,1.6280490079756313
C18:0+C18:1,PE(P-18:0_22:1),0.05531863254975383,-1.4719404632437394,0.31004163824396913,1.2571285631976832
C18:0+C18:1,PE(P-18:0_22:3),0.709751982063195,-0.06698706474910576,0.8682752673971066,0.1488933859224493
C18:0+C18:1,PE(P-18:0_22:5),0.04717079259413356,-0.7144967654251533,0.31004163824396913,1.326326825475829
C18:0+C18:1,PE(P-18:0_24:5),0.756524050574394,-0.029321921523621893,0.898139390090783,0.12117726075494678
C18:0+C18:1,PE(P-18:0_24:6),0.6194091949240692,0.15103111190218305,0.8112913911777211,0.20802235190371735
C18:0+C18:1,PE(P-18:1_18:1),0.6194091949240692,-0.09550052358745606,0.8112913911777211,0.20802235190371735
C18:0+C18:1,PE(P-18:1_20:1),0.4551233155352149,0.3066471688534515,0.6986287837196611,0.34187091533443004
C18:0+C18:1,PE(P-18:1_22:5),0.019485472574717423,-0.814388004730345,0.21827031981494222,1.7102890547144178
C18:0+C18:1,PE(P-18:1_22:6),0.12970089915170008,-0.5222303691305491,0.4224042796697259,0.8870570128234193
C18:0+C18:1,PE(P-20:0_20:4),0.6194091949240692,-0.08834883097666031,0.8112913911777211,0.20802235190371735
C18:0+C18:1,PE(P-20:2),0.016024085246053206,-1.3567869853139878,0.21454469690549016,1.795226750607812
C18:0+C18:1,PE(P-20:6_12:1),0.5313094878107293,-3.2241314387065225,0.7898774778714693,0.2746524285651682
C18:0+C18:1,PE(P-20:6_18:1),0.3175923999722627,-0.17888994158771024,0.584273041170346,0.4981298987076942
C18:0+C18:1,PE(P-24:8_24:4),0.6194091949240692,-0.07424898127552873,0.8112913911777211,0.20802235190371735
C18:0+C18:1,PE(P-24:8_24:5),0.08654624043640063,0.34102186301462417,0.3659235779854834,1.062751792603806
C18:0+C18:1,PE(P-49:15),0.41807086887178424,-0.8993241197531858,0.658529930706536,0.3787500928790761
C18:0+C18:1,PE(P-4:0_14:0),0.25981207960612995,-0.3025671583513063,0.5397819929748044,0.5853406607004195
C18:0+C18:1,PE(P-7:0_13:0),0.848762126380035,-0.41415699875122225,0.9296440909713224,0.0712140077915688
