group,species,p,log2FC,q,-log10p
Resistant,PC(10:0CHO_30:6),0.6943278943278944,-0.14966376812790314,0.8584417602599422,0.15843538673428506
Resistant,PC(10:3CHO_28:2),0.778865578865579,-0.21946067759674456,0.9020438334306948,0.10853748886253317
Resistant,PC(11:1_8:0),0.11788375716644336,0.6310994985591346,0.4129574661948763,0.9285460304902592
Resistant,PC(11:2_24:0),0.1205905205905206,0.5603967716464059,0.4129574661948763,0.9186868296220773
Resistant,PC(12:0_14:0),0.14764858880647386,-0.6667067095249802,0.4521445221445221,0.8307706992783832
Resistant,PC(12:0_16:1),0.46340326340326343,-0.4560396588359432,0.7477286555252657,0.3340409120297112
Resistant,PC(13:0_18:1),0.6125874125874127,-0.29158825074844485,0.8283852511125239,0.2128319312260859
Resistant,PC(13:1_16:1),0.04009324009324009,-1.7549708307936016,0.22993231667930464,1.396928844193964
Resistant,PC(13:1_17:1COOH),0.23185703185703188,-1.006569201364129,0.5659689598151137,0.6347797279164441
Resistant,PC(14:0COOH_22:6),0.0021756021756021756,-1.6853492233867073,0.05177933177933178,2.6624204956001325
Resistant,PC(14:0_14:0),0.151981351981352,-1.396006305910815,0.4521445221445221,0.8182096961670489
Resistant,PC(14:0_15:0),0.005905205905205905,-1.302269401837658,0.07596967596967596,2.2287649472691613
Resistant,PC(14:0_16:0),0.0037296037296037296,-1.1885250418984465,0.06575153241819909,2.428337297884279
Resistant,PC(14:0_16:1),0.280963480963481,-0.8553611337501953,0.6051521128444206,0.5513501249464876
Resistant,PC(14:0_17:0CHO),0.1892773892773893,-0.6146837213284505,0.5005335405335406,0.7229012627141002
Resistant,PC(14:0_18:1),0.09386169386169387,-0.5822841622559195,0.3662144776898876,1.0275116121565775
Resistant,PC(14:0_18:4COOH),0.037073147114728214,-2.617073885997029,0.22993231667930464,1.4309405442652243
Resistant,PC(14:0_20:4),0.0037296037296037296,-1.5728565029331247,0.06575153241819909,2.428337297884279
Resistant,PC(14:0_20:5),0.46340326340326343,-0.4937995230990578,0.7477286555252657,0.3340409120297112
Resistant,PC(14:0_22:6),0.0021756021756021756,-1.2706460583350128,0.05177933177933178,2.6624204956001325
Resistant,PC(14:1COOH_16:0),0.013986013986013986,-2.1543505167776518,0.125610238817786,1.8543060386958752
Resistant,PC(14:1COOH_18:0),0.028904428904428903,-0.7594603025386836,0.19109039109039108,1.5390356055199703
Resistant,PC(14:1_16:1),0.1892773892773893,-0.8526899391497079,0.5005335405335406,0.7229012627141002
Resistant,PC(14:1_18:1),0.1892773892773893,-1.3072439781058565,0.5005335405335406,0.7229012627141002
Resistant,PC(14:1_20:1),0.04009324009324009,-0.38518285069820146,0.22993231667930464,1.396928844193964
Resistant,PC(14:1_22:2),0.6943278943278944,-0.14028543703206722,0.8584417602599422,0.15843538673428506
Resistant,PC(14:1_4:1COOH),0.33566433566433573,0.5296815604145183,0.6315265761906079,0.47409479996009096
Resistant,PC(15:0_15:0),0.054079254079254076,-1.1404525170546214,0.2681429681429681,1.2669693064907541
Resistant,PC(15:0_16:0),0.013986013986013986,-0.874660341919389,0.125610238817786,1.8543060386958752
Resistant,PC(15:0_16:1),0.5358197358197359,-0.3695731257577754,0.7775920556408362,0.2709812940066779
Resistant,PC(15:0_24:4),0.33566433566433573,-0.44903744350444275,0.6315265761906079,0.47409479996009096
Resistant,PC(15:0_28:1),0.18166530051349883,-1.1550544508393124,0.5005335405335406,0.7407280181581577
Resistant,PC(15:1_18:1),0.1892773892773893,0.7038844915845173,0.5005335405335406,0.7229012627141002
Resistant,PC(15:2_22:6),0.778865578865579,-0.038099826020145305,0.9020438334306948,0.10853748886253317
Resistant,PC(15:4COOH_18:0),0.020512820512820513,-0.4707779215017156,0.15498575498575498,1.68797461791737
Resistant,PC(16:0CHO),0.04009324009324009,-0.9143527849448162,0.22993231667930464,1.396928844193964
Resistant,PC(16:0CHO_18:1),0.23185703185703188,0.5174896450343962,0.5659689598151137,0.6347797279164441
Resistant,PC(16:0_11:0COOH),0.9550893550893552,-2.0461864408706103,0.992625617953129,0.01995599527457442
Resistant,PC(16:0_16:0),0.0006216006216006216,-0.9525406533381023,0.026898354171081443,3.206488490045324
Resistant,PC(16:0_16:0CHO),0.6943278943278944,0.2622435912683932,0.8584417602599422,0.15843538673428506
Resistant,PC(16:0_16:1),0.23185703185703188,-0.6110892895963745,0.5659689598151137,0.6347797279164441
Resistant,PC(16:0_17:0),0.1205905205905206,-0.6253818095188823,0.4129574661948763,0.9186868296220773
Resistant,PC(16:0_17:1),0.09386169386169387,-0.4204066634835174,0.3662144776898876,1.0275116121565775
Resistant,PC(16:0_17:2),0.0721056721056721,0.8003285484533728,0.3268790468790469,1.1420305700832218
Resistant,PC(16:0_17:2COOH),0.005905205905205905,-1.518767558533256,0.07596967596967596,2.2287649472691613
Resistant,PC(16:0_18:0),0.33566433566433573,-0.26430495272930654,0.6315265761906079,0.47409479996009096
Resistant,PC(16:0_18:0CHO),1.0,0.3463299616919424,1.0,-4.342945178152237e-11
Resistant,PC(16:0_18:1),0.39689199689199695,-0.07017814936935501,0.6945609945609947,0.40132765820358507
Resistant,PC(16:0_18:2),0.009324009324009324,-0.4527532616465482,0.10567210567210567,2.0303972961989536
Resistant,PC(16:0_18:3),0.0006216006216006216,-1.489526868387537,0.026898354171081443,3.206488490045324
Resistant,PC(16:0_18:4COOH),0.054079254079254076,-0.6133179853441493,0.2681429681429681,1.2669693064907541
Resistant,PC(16:0_20:0COOH),0.6125874125874127,-0.2208832769909258,0.8283852511125239,0.2128319312260859
Resistant,PC(16:0_20:3CHO),0.39689199689199695,-0.3151478464279948,0.6945609945609947,0.40132765820358507
Resistant,PC(16:0_20:4),0.020512820512820513,-0.9341463507950872,0.15498575498575498,1.68797461791737
Resistant,PC(16:0_20:4COOH),0.23185703185703188,0.36848713952390927,0.5659689598151137,0.6347797279164441
Resistant,PC(16:0_20:5),0.013986013986013986,-1.299250614461134,0.125610238817786,1.8543060386958752
Resistant,PC(16:0_21:6),0.778865578865579,-0.0846816125919741,0.9020438334306948,0.10853748886253317
Resistant,PC(16:0_22:1),0.23185703185703188,0.664039458811674,0.5659689598151137,0.6347797279164441
Resistant,PC(16:0_22:4CHO),0.6943278943278944,-0.0930796815437458,0.8584417602599422,0.15843538673428506
Resistant,PC(16:0_22:6),0.5358197358197359,-0.2247816907354606,0.7775920556408362,0.2709812940066779
Resistant,PC(16:0_24:0),0.46340326340326343,-0.6009357393387738,0.7477286555252657,0.3340409120297112
Resistant,PC(16:0_24:1),0.33566433566433573,-0.18176992187964375,0.6315265761906079,0.47409479996009096
Resistant,PC(16:0_26:0),0.054079254079254076,-2.660452234878442,0.2681429681429681,1.2669693064907541
Resistant,PC(16:1COOH_16:0),0.5358197358197359,-0.4240341571493655,0.7775920556408362,0.2709812940066779
Resistant,PC(16:1COOH_18:1),0.280963480963481,-0.41282091167069257,0.6051521128444206,0.5513501249464876
Resistant,PC(16:1_16:0),0.33566433566433573,-0.4954139297501985,0.6315265761906079,0.47409479996009096
Resistant,PC(16:1_16:1),0.9550893550893552,-0.23582829500306646,0.992625617953129,0.01995599527457442
Resistant,PC(16:1_16:2),0.013986013986013986,-0.994098102036992,0.125610238817786,1.8543060386958752
Resistant,PC(16:1_17:1),0.0006216006216006216,1.3973879521610106,0.026898354171081443,3.206488490045324
Resistant,PC(16:1_17:2COOH),0.46340326340326343,-0.5212607859246812,0.7477286555252657,0.3340409120297112
Resistant,PC(16:1_18:1),0.1892773892773893,-0.25951892468589816,0.5005335405335406,0.7229012627141002
Resistant,PC(16:1_18:3),0.1205905205905206,-0.6702283671700898,0.4129574661948763,0.9186868296220773
Resistant,PC(16:1_19:2COOH),0.5358197358197359,-0.15021140815706158,0.7775920556408362,0.2709812940066779
Resistant,PC(16:1_20:5),0.0003108003108003108,-1.5124020724088139,0.024656824656824654,3.5075184158421973
Resistant,PC(16:1_22:6),0.09386169386169387,-0.5535533715994565,0.3662144776898876,1.0275116121565775
Resistant,PC(17:0COOH_16:1),0.04009324009324009,-1.0031544467020728,0.22993231667930464,1.396928844193964
Resistant,PC(17:0COOH_18:1),0.0006216006216006216,0.6844376244868842,0.026898354171081443,3.206488490045324
Resistant,PC(17:0_17:1COOH),0.0003108003108003108,0.6388193708698741,0.024656824656824654,3.5075184158421973
Resistant,PC(17:0_18:0),0.778865578865579,-0.049351323460646426,0.9020438334306948,0.10853748886253317
Resistant,PC(17:0_18:1),0.33566433566433573,0.18407100101408402,0.6315265761906079,0.47409479996009096
Resistant,PC(17:0_26:1),0.33566433566433573,-1.1896687219307311,0.6315265761906079,0.47409479996009096
Resistant,PC(17:1),0.8237042460930228,-0.9383949993706167,0.9438429356049495,0.08422869522373877
Resistant,PC(17:1_15:0),0.005905205905205905,2.2190071897746275,0.07596967596967596,2.2287649472691613
Resistant,PC(17:1_18:1),0.09386169386169387,-0.3864252213935764,0.3662144776898876,1.0275116121565775
Resistant,PC(17:1_20:5CHO),0.6125874125874127,-0.10104027450647989,0.8283852511125239,0.2128319312260859
Resistant,PC(17:2CHO_19:2),0.0721056721056721,-0.8862480886385907,0.3268790468790469,1.1420305700832218
Resistant,PC(17:3COOH_23:2),0.6943278943278944,0.33230134310287135,0.8584417602599422,0.15843538673428506
Resistant,PC(17:3_18:0),0.6943278943278944,-0.12480754784108815,0.8584417602599422,0.15843538673428506
Resistant,PC(17:3_18:1),0.46340326340326343,0.3592789086323967,0.7477286555252657,0.3340409120297112
Resistant,PC(17:3_21:1COOH),0.5358197358197359,0.1835903260694748,0.7775920556408362,0.2709812940066779
Resistant,PC(17:4COOH_18:1),0.33566433566433573,0.2097680226855933,0.6315265761906079,0.47409479996009096
Resistant,PC(18:0),0.012522224724069185,-1.8104492840782327,0.125610238817786,1.9023185031562269
Resistant,PC(18:0CHO_20:0),0.6125874125874127,0.4259243961642982,0.8283852511125239,0.2128319312260859
Resistant,PC(18:0CHO_22:0),0.151981351981352,-0.6077634407355088,0.4521445221445221,0.8182096961670489
Resistant,PC(18:0CHO_24:0),0.46340326340326343,-0.16798793192633724,0.7477286555252657,0.3340409120297112
Resistant,PC(18:0_16:1),0.39689199689199695,0.2166062250430791,0.6945609945609947,0.40132765820358507
Resistant,PC(18:0_18:0),0.005905205905205905,1.8149444048671468,0.07596967596967596,2.2287649472691613
Resistant,PC(18:0_18:0CHO),0.8665112665112666,-0.02173570412083109,0.9438429356049495,0.062225786100332525
Resistant,PC(18:0_18:1),0.0003108003108003108,1.5748726808313434,0.024656824656824654,3.5075184158421973
Resistant,PC(18:0_18:1COOH),0.09386169386169387,-0.37599913641464666,0.3662144776898876,1.0275116121565775
Resistant,PC(18:0_18:4),0.151981351981352,-0.37893223980396834,0.4521445221445221,0.8182096961670489
Resistant,PC(18:0_19:1),0.46340326340326343,0.18551125062623744,0.7477286555252657,0.3340409120297112
Resistant,PC(18:0_20:0),0.46340326340326343,0.21148729919394718,0.7477286555252657,0.3340409120297112
Resistant,PC(18:0_20:0COOH),0.0003108003108003108,1.3268359370690457,0.024656824656824654,3.5075184158421973
Resistant,PC(18:0_20:3),0.6125874125874127,0.13389028689509783,0.8283852511125239,0.2128319312260859
Resistant,PC(18:0_20:4),0.9550893550893552,0.477523894327385,0.992625617953129,0.01995599527457442
Resistant,PC(18:0_20:5),0.8665112665112666,0.02194396264800067,0.9438429356049495,0.062225786100332525
Resistant,PC(18:0_21:4COOH),0.04009324009324009,0.6026352389607675,0.22993231667930464,1.396928844193964
Resistant,PC(18:0_21:5COOH),0.9550893550893552,-0.04378963644793088,0.992625617953129,0.01995599527457442
Resistant,PC(18:0_21:6COOH),0.6125874125874127,-0.13834212617290262,0.8283852511125239,0.2128319312260859
Resistant,PC(18:0_22:0),0.6943278943278944,0.1382572674686316,0.8584417602599422,0.15843538673428506
Resistant,PC(18:0_22:4),0.6125874125874127,-0.14337780470117198,0.8283852511125239,0.2128319312260859
Resistant,PC(18:0_22:4COOH),0.46340326340326343,0.25945591677206925,0.7477286555252657,0.3340409120297112
Resistant,PC(18:0_22:5),0.778865578865579,-0.02100702678350039,0.9020438334306948,0.10853748886253317
Resistant,PC(18:0_22:6),0.46340326340326343,0.31315444120578123,0.7477286555252657,0.3340409120297112
Resistant,PC(18:0_24:4),0.6125874125874127,-0.21232597688578994,0.8283852511125239,0.2128319312260859
Resistant,PC(18:0_24:5),0.46340326340326343,-0.6956135067604163,0.7477286555252657,0.3340409120297112
Resistant,PC(18:0_26:0),0.6943278943278944,-1.9583980099731788,0.8584417602599422,0.15843538673428506
Resistant,PC(18:0_28:0),0.151981351981352,1.530427810305269,0.4521445221445221,0.8182096961670489
Resistant,PC(18:1_17:3COOH),0.020512820512820513,1.020238723092283,0.15498575498575498,1.68797461791737
Resistant,PC(18:1_18:1),0.020512820512820513,0.5530449653935672,0.15498575498575498,1.68797461791737
Resistant,PC(18:1_18:2),0.280963480963481,-0.41164325453855755,0.6051521128444206,0.5513501249464876
Resistant,PC(18:1_18:3),0.1205905205905206,-0.3834141668736569,0.4129574661948763,0.9186868296220773
Resistant,PC(18:1_19:1),0.8665112665112666,0.23788419267790392,0.9438429356049495,0.062225786100332525
Resistant,PC(18:1_19:6COOH),1.0,0.07760365453000777,1.0,-4.342945178152237e-11
Resistant,PC(18:1_20:0COOH),0.028904428904428903,0.6089629177500225,0.19109039109039108,1.5390356055199703
Resistant,PC(18:1_20:1),0.9550893550893552,0.07396125681853238,0.992625617953129,0.01995599527457442
Resistant,PC(18:1_20:1CHO),0.46340326340326343,0.7561367113606009,0.7477286555252657,0.3340409120297112
Resistant,PC(18:1_20:3),0.280963480963481,0.5356284011991265,0.6051521128444206,0.5513501249464876
Resistant,PC(18:1_20:4),0.8665112665112666,-0.08458968393004193,0.9438429356049495,0.062225786100332525
Resistant,PC(18:1_21:3COOH),0.280963480963481,-0.5848012163038121,0.6051521128444206,0.5513501249464876
Resistant,PC(18:1_21:5CHO),0.778865578865579,0.4376653703045087,0.9020438334306948,0.10853748886253317
Resistant,PC(18:1_21:6CHO),0.5358197358197359,-0.07420717348325466,0.7775920556408362,0.2709812940066779
Resistant,PC(18:1_21:6COOH),0.028904428904428903,-0.5958963507689338,0.19109039109039108,1.5390356055199703
Resistant,PC(18:1_22:1),0.5358197358197359,-0.060521342931268526,0.7775920556408362,0.2709812940066779
Resistant,PC(18:1_22:6),0.5358197358197359,-0.29793325820883654,0.7775920556408362,0.2709812940066779
Resistant,PC(18:1_24:1),0.46340326340326343,-0.47190032263247195,0.7477286555252657,0.3340409120297112
Resistant,PC(18:1_24:5),0.280963480963481,-0.8745092783182989,0.6051521128444206,0.5513501249464876
Resistant,PC(18:1_26:1),0.280963480963481,-0.6277132631677707,0.6051521128444206,0.5513501249464876
Resistant,PC(18:2COOH_22:6),0.054079254079254076,-1.9382106353706186,0.2681429681429681,1.2669693064907541
Resistant,PC(18:2_18:1),0.778865578865579,0.02409199282508792,0.9020438334306948,0.10853748886253317
Resistant,PC(18:2_22:6),0.054079254079254076,-0.5417054460691952,0.2681429681429681,1.2669693064907541
Resistant,PC(18:3COOH_22:6),0.09386169386169387,-2.14953107830806,0.3662144776898876,1.0275116121565775
Resistant,PC(18:3_20:0CHO),0.39689199689199695,-0.24773497167896744,0.6945609945609947,0.40132765820358507
Resistant,PC(18:3_22:3COOH),0.028904428904428903,-0.8138390883813731,0.19109039109039108,1.5390356055199703
Resistant,PC(18:4_22:3COOH),0.020512820512820513,-1.2637435007030289,0.15498575498575498,1.68797461791737
Resistant,PC(19:0COOH_16:2),0.005905205905205905,-1.0517411350175754,0.07596967596967596,2.2287649472691613
Resistant,PC(19:0COOH_18:1),0.0037296037296037296,0.7465657343844029,0.06575153241819909,2.428337297884279
Resistant,PC(19:0COOH_28:2),0.11491974683155325,-2.2656979771452828,0.4129574661948763,0.9396053390527928
Resistant,PC(19:1CHO),0.028043883693788633,-3.4976378830426045,0.19109039109039108,1.5521618411543903
Resistant,PC(19:1COOH_18:2),0.5358197358197359,-0.3896053153271351,0.7775920556408362,0.2709812940066779
Resistant,PC(19:1COOH_20:2),0.028904428904428903,0.923586653491508,0.19109039109039108,1.5390356055199703
Resistant,PC(19:2),0.8040040579628547,-1.332888856739824,0.9288978922095117,0.09474175922436302
Resistant,PC(19:2CHO_18:1),0.46340326340326343,0.43286722861422433,0.7477286555252657,0.3340409120297112
Resistant,PC(19:3COOH_22:5),0.0012432012432012432,-0.8182139316103328,0.04226884226884227,2.9054585293149007
Resistant,PC(19:4CHO_18:1),0.4436570559117131,-0.7539795256382895,0.7477286555252657,0.352952606982676
Resistant,PC(19:4_18:2),0.6943278943278944,0.16133186830468116,0.8584417602599422,0.15843538673428506
Resistant,PC(20:0),0.20355125613582603,3.6554214195024195,0.5353060658599624,0.691326212986848
Resistant,PC(20:0COOH_16:1),0.151981351981352,-0.32445327382868444,0.4521445221445221,0.8182096961670489
Resistant,PC(20:0_18:1),0.054079254079254076,0.7020071444479297,0.2681429681429681,1.2669693064907541
Resistant,PC(20:1),1.0,0.0,1.0,-4.342945178152237e-11
Resistant,PC(20:2CHO_18:1),0.6943278943278944,0.36650917198863203,0.8584417602599422,0.15843538673428506
Resistant,PC(20:2COOH_18:1),0.0006216006216006216,1.6064870902682402,0.026898354171081443,3.206488490045324
Resistant,PC(20:3CHO_20:2),1.0,0.05489715225549912,1.0,-4.342945178152237e-11
Resistant,PC(20:3COOH_22:5),0.1205905205905206,-1.346328418420663,0.4129574661948763,0.9186868296220773
Resistant,PC(20:3_18:0),0.5358197358197359,0.32906031319881135,0.7775920556408362,0.2709812940066779
Resistant,PC(20:3_20:0COOH),0.8665112665112666,0.08607844438392645,0.9438429356049495,0.062225786100332525
Resistant,PC(20:4COOH_14:0),0.14656051826496727,-1.6013702284537932,0.4521445221445221,0.8339830076319645
Resistant,PC(20:4COOH_16:0),0.054079254079254076,-1.0042268021788658,0.2681429681429681,1.2669693064907541
Resistant,PC(20:4COOH_16:1),0.09386169386169387,-1.436155257190903,0.3662144776898876,1.0275116121565775
Resistant,PC(20:4COOH_18:3),0.39689199689199695,-0.5096173376213283,0.6945609945609947,0.40132765820358507
Resistant,PC(20:4COOH_22:5),0.280963480963481,-1.2246350528533365,0.6051521128444206,0.5513501249464876
Resistant,PC(20:4COOH_22:6),0.0721056721056721,-1.2440013258811424,0.3268790468790469,1.1420305700832218
Resistant,PC(20:4_15:1),0.9550893550893552,-0.017560241441993505,0.992625617953129,0.01995599527457442
Resistant,PC(20:4_18:0),0.09386169386169387,1.1652437770944923,0.3662144776898876,1.0275116121565775
Resistant,PC(20:4_20:5),0.6125874125874127,0.7083095420802219,0.8283852511125239,0.2128319312260859
Resistant,PC(20:4_22:5),0.09386169386169387,-0.7552952217095799,0.3662144776898876,1.0275116121565775
Resistant,PC(20:4_22:6),0.39689199689199695,-0.5903055057751371,0.6945609945609947,0.40132765820358507
Resistant,PC(20:5COOH_16:0),0.5358197358197359,-0.16350800248889277,0.7775920556408362,0.2709812940066779
Resistant,PC(20:5COOH_18:0),0.9550893550893552,0.05165413965202436,0.992625617953129,0.01995599527457442
Resistant,PC(20:5_15:1),0.054079254079254076,-0.8125677905976416,0.2681429681429681,1.2669693064907541
Resistant,PC(20:5_20:4COOH),0.8665112665112666,-0.06725055983413802,0.9438429356049495,0.062225786100332525
Resistant,PC(20:5_22:6),0.1892773892773893,-0.39301298056109857,0.5005335405335406,0.7229012627141002
Resistant,PC(21:0_11:0),0.005905205905205905,-0.5995320666599969,0.07596967596967596,2.2287649472691613
Resistant,PC(21:0_13:1COOH),0.33566433566433573,0.1155832419644343,0.6315265761906079,0.47409479996009096
Resistant,PC(21:0_16:0),0.6943278943278944,0.255894970281248,0.8584417602599422,0.15843538673428506
Resistant,PC(21:1CHO),1.0,0.06297444053805219,1.0,-4.342945178152237e-11
Resistant,PC(21:1COOH_20:4),0.6943278943278944,0.21643484697311727,0.8584417602599422,0.15843538673428506
Resistant,PC(21:2CHO_18:1),0.020512820512820513,0.7844526216692523,0.15498575498575498,1.68797461791737
Resistant,PC(21:2CHO_20:4),0.9550893550893552,0.02926616797912237,0.992625617953129,0.01995599527457442
Resistant,PC(21:2COOH_17:1),0.0021756021756021756,1.3994468976170662,0.05177933177933178,2.6624204956001325
Resistant,PC(21:6_18:1),0.1205905205905206,-0.5994267075448527,0.4129574661948763,0.9186868296220773
Resistant,PC(22:2CHO_18:1),0.778865578865579,0.009685245411199661,0.9020438334306948,0.10853748886253317
Resistant,PC(22:3COOH_16:2),0.33566433566433573,0.3752772164416819,0.6315265761906079,0.47409479996009096
Resistant,PC(22:3_8:0),0.09386169386169387,-1.5599619228428352,0.3662144776898876,1.0275116121565775
Resistant,PC(22:5_22:6),0.0021756021756021756,-1.1673259639477613,0.05177933177933178,2.6624204956001325
Resistant,PC(22:6_22:6),0.0721056721056721,-1.4401767775446113,0.3268790468790469,1.1420305700832218
Resistant,PC(23:0_16:0),0.6943278943278944,-0.05937380737860242,0.8584417602599422,0.15843538673428506
Resistant,PC(23:0_18:1),0.151981351981352,-1.0026535472705602,0.4521445221445221,0.8182096961670489
Resistant,PC(23:4_15:1),0.46340326340326343,0.2394520275876672,0.7477286555252657,0.3340409120297112
Resistant,PC(24:0),0.7441250623860661,0.9295772003468816,0.9020438334306948,0.12835406797138113
Resistant,PC(24:0_13:3COOH),0.6125874125874127,-0.21406170189485074,0.8283852511125239,0.2128319312260859
Resistant,PC(24:0_15:1COOH),0.6943278943278944,-0.19504331100727493,0.8584417602599422,0.15843538673428506
Resistant,PC(24:0_18:1),0.280963480963481,-0.8689208996563789,0.6051521128444206,0.5513501249464876
Resistant,PC(24:0_20:0COOH),0.280963480963481,-0.903026295827729,0.6051521128444206,0.5513501249464876
Resistant,PC(24:1),1.0,0.09696688804804156,1.0,-4.342945178152237e-11
Resistant,PC(25:0CHO),0.8665112665112666,0.06907615967800156,0.9438429356049495,0.062225786100332525
Resistant,PC(25:0COOH),0.6943278943278944,-0.22308453262963715,0.8584417602599422,0.15843538673428506
Resistant,PC(25:1),0.6943278943278944,0.18411600726688246,0.8584417602599422,0.15843538673428506
Resistant,PC(26:0_13:3COOH),0.280963480963481,1.292854021380134,0.6051521128444206,0.5513501249464876
Resistant,PC(26:0_16:0),0.8548127198282508,-2.6290424882995977,0.9438429356049495,0.06812902399796784
Resistant,PC(26:0_18:1),0.1892773892773893,-1.1198609253771028,0.5005335405335406,0.7229012627141002
Resistant,PC(26:0_20:0COOH),0.280963480963481,-1.1614848492734877,0.6051521128444206,0.5513501249464876
Resistant,PC(27:0),0.33566433566433573,-0.5708940524238424,0.6315265761906079,0.47409479996009096
Resistant,PC(27:1CHO),0.013986013986013986,1.2094639472104152,0.125610238817786,1.8543060386958752
Resistant,PC(27:3_19:0COOH),0.1892773892773893,-1.1810747410490225,0.5005335405335406,0.7229012627141002
Resistant,PC(28:0),0.39689199689199695,1.9351173008836082,0.6945609945609947,0.40132765820358507
Resistant,PC(28:0CHO),0.5358197358197359,0.26216448125430514,0.7775920556408362,0.2709812940066779
Resistant,PC(28:0COOH),0.33566433566433573,0.35855235822971526,0.6315265761906079,0.47409479996009096
Resistant,PC(28:0_18:1),0.46340326340326343,-1.0453197794383593,0.7477286555252657,0.3340409120297112
Resistant,PC(28:2),0.7282210233302229,-0.33917444332243335,0.8980134899098086,0.1377367873247056
Resistant,PC(28:4_10:2COOH),0.054079254079254076,-1.406850920013185,0.2681429681429681,1.2669693064907541
Resistant,PC(29:0CHO),0.5358197358197359,0.17731385671383082,0.7775920556408362,0.2709812940066779
Resistant,PC(29:0COOH),0.5358197358197359,0.253512293174795,0.7775920556408362,0.2709812940066779
Resistant,PC(29:1),0.1205905205905206,-0.8489029312620218,0.4129574661948763,0.9186868296220773
Resistant,PC(29:2_5:0CHO),0.09386169386169387,-1.1060287543810485,0.3662144776898876,1.0275116121565775
Resistant,PC(2:0_32:2),0.151981351981352,-0.23413544141326778,0.4521445221445221,0.8182096961670489
Resistant,PC(30:0CHO),0.9550893550893552,0.04937829768588197,0.992625617953129,0.01995599527457442
Resistant,PC(30:0COOH),0.39689199689199695,0.424773586367993,0.6945609945609947,0.40132765820358507
Resistant,PC(30:1),0.280963480963481,2.285216541117035,0.6051521128444206,0.5513501249464876
Resistant,PC(30:3_6:0),0.1892773892773893,-0.2970396981820376,0.5005335405335406,0.7229012627141002
Resistant,PC(31:0),0.04009324009324009,-1.8957276574897997,0.22993231667930464,1.396928844193964
Resistant,PC(31:0COOH),0.39689199689199695,0.5259137814402759,0.6945609945609947,0.40132765820358507
Resistant,PC(31:1),0.009324009324009324,-0.3933398414316218,0.10567210567210567,2.0303972961989536
Resistant,PC(31:2),0.0721056721056721,-0.7396747124917477,0.3268790468790469,1.1420305700832218
Resistant,PC(31:4CHO),0.39689199689199695,0.5657664594253923,0.6945609945609947,0.40132765820358507
Resistant,PC(31:8CHO),0.778865578865579,0.1845920854673187,0.9020438334306948,0.10853748886253317
Resistant,PC(32:0),0.005905205905205905,-1.1259942178447402,0.07596967596967596,2.2287649472691613
Resistant,PC(32:0COOH),0.5358197358197359,-0.25387905539339056,0.7775920556408362,0.2709812940066779
Resistant,PC(32:1),0.280963480963481,-0.6017409414286745,0.6051521128444206,0.5513501249464876
Resistant,PC(32:1CHO),0.33566433566433573,-0.4497292904762293,0.6315265761906079,0.47409479996009096
Resistant,PC(32:2CHO),0.09216731804467376,-1.3930478044889356,0.3662144776898876,1.0354230492890328
Resistant,PC(32:2COOH),0.0037296037296037296,-1.1619275277818983,0.06575153241819909,2.428337297884279
Resistant,PC(32:3),0.0012432012432012432,-1.1868160321822727,0.04226884226884227,2.9054585293149007
Resistant,PC(32:3CHO),0.8506523285821779,-0.24089760497792456,0.9438429356049495,0.07024790476460857
Resistant,PC(32:4),0.1205905205905206,-1.2198706811619113,0.4129574661948763,0.9186868296220773
Resistant,PC(32:5),0.14656051826496727,-1.4523788654419199,0.4521445221445221,0.8339830076319645
Resistant,PC(33:0),0.778865578865579,-0.23434889935894498,0.9020438334306948,0.10853748886253317
Resistant,PC(33:0CHO),0.6125874125874127,-0.12519695877443518,0.8283852511125239,0.2128319312260859
Resistant,PC(33:1),0.054079254079254076,0.655327807782408,0.2681429681429681,1.2669693064907541
Resistant,PC(33:1CHO),0.6943278943278944,0.3518645675543632,0.8584417602599422,0.15843538673428506
Resistant,PC(33:3),0.151981351981352,-0.41617349198051046,0.4521445221445221,0.8182096961670489
Resistant,PC(33:4),0.33566433566433573,-0.9261453295642361,0.6315265761906079,0.47409479996009096
Resistant,PC(33:5),0.009324009324009324,-1.572394496230099,0.10567210567210567,2.0303972961989536
Resistant,PC(34:0CHO),0.8665112665112666,0.029774702720521296,0.9438429356049495,0.062225786100332525
Resistant,PC(34:0COOH),0.39689199689199695,-0.4170872171428166,0.6945609945609947,0.40132765820358507
Resistant,PC(34:0_6:0COOH),0.23185703185703188,0.4596255874644206,0.5659689598151137,0.6347797279164441
Resistant,PC(34:10CHO),0.6125874125874127,0.35885368654850214,0.8283852511125239,0.2128319312260859
Resistant,PC(34:2),0.009324009324009324,-0.56258851857187,0.10567210567210567,2.0303972961989536
Resistant,PC(34:3CHO),0.33566433566433573,-0.9945924228089886,0.6315265761906079,0.47409479996009096
Resistant,PC(34:5COOH),0.04009324009324009,-1.6368420888734512,0.22993231667930464,1.396928844193964
Resistant,PC(34:6),0.0037296037296037296,-2.4972379235030817,0.06575153241819909,2.428337297884279
Resistant,PC(35:0),0.33566433566433573,0.6001260444314057,0.6315265761906079,0.47409479996009096
Resistant,PC(35:1),0.005905205905205905,2.2819006551703556,0.07596967596967596,2.2287649472691613
Resistant,PC(35:1COOH),0.640428787412791,-0.07899723749349946,0.8584417602599422,0.19352915461507697
Resistant,PC(35:3),0.054079254079254076,-0.9498174882907685,0.2681429681429681,1.2669693064907541
Resistant,PC(35:4),0.39689199689199695,-0.6851462943174916,0.6945609945609947,0.40132765820358507
Resistant,PC(35:5),0.6943278943278944,0.329427877171906,0.8584417602599422,0.15843538673428506
Resistant,PC(35:7),0.0003108003108003108,-1.6791292545473577,0.024656824656824654,3.5075184158421973
Resistant,PC(36:0),0.6125874125874127,0.08605575323310326,0.8283852511125239,0.2128319312260859
Resistant,PC(36:0CHO),0.33566433566433573,0.48242553710046954,0.6315265761906079,0.47409479996009096
Resistant,PC(36:1COOH),0.280963480963481,0.3551323303939209,0.6051521128444206,0.5513501249464876
Resistant,PC(36:3),0.46340326340326343,0.2829115327821958,0.7477286555252657,0.3340409120297112
Resistant,PC(36:3COOH),0.5358197358197359,-0.3702253403096082,0.7775920556408362,0.2709812940066779
Resistant,PC(36:4CHO),0.1892773892773893,-0.595168922114532,0.5005335405335406,0.7229012627141002
Resistant,PC(36:5),0.020512820512820513,-1.2710198372083144,0.15498575498575498,1.68797461791737
Resistant,PC(36:7),0.009324009324009324,-1.9911301692826724,0.10567210567210567,2.0303972961989536
Resistant,PC(36:7COOH),0.33566433566433573,-0.1352285824710835,0.6315265761906079,0.47409479996009096
Resistant,PC(37:1),0.6125874125874127,-0.9930735400957785,0.8283852511125239,0.2128319312260859
Resistant,PC(37:3),0.1892773892773893,-0.27635874430353063,0.5005335405335406,0.7229012627141002
Resistant,PC(37:4),0.5358197358197359,-0.27176007824672704,0.7775920556408362,0.2709812940066779
Resistant,PC(37:4COOH),0.6943278943278944,-0.3347320437480853,0.8584417602599422,0.15843538673428506
Resistant,PC(37:5),1.0,0.16923285642133262,1.0,-4.342945178152237e-11
Resistant,PC(37:7),0.1892773892773893,-0.27452513879883234,0.5005335405335406,0.7229012627141002
Resistant,PC(38:2),0.39689199689199695,0.5309783673544447,0.6945609945609947,0.40132765820358507
Resistant,PC(38:4COOH),0.778865578865579,-0.27989534754196094,0.9020438334306948,0.10853748886253317
Resistant,PC(38:6CHO),0.9550893550893552,-0.26735488954020914,0.992625617953129,0.01995599527457442
Resistant,PC(38:6COOH),0.9550893550893552,-0.15842703742458114,0.992625617953129,0.01995599527457442
Resistant,PC(38:7COOH),1.0,0.6506963959832351,1.0,-4.342945178152237e-11
Resistant,PC(38:8),0.0037296037296037296,-1.5665132617371118,0.06575153241819909,2.428337297884279
Resistant,PC(38:8COOH),0.6125874125874127,-0.25245540707005454,0.8283852511125239,0.2128319312260859
Resistant,PC(38:9COOH),0.18166530051349883,-1.4199406984944876,0.5005335405335406,0.7407280181581577
Resistant,PC(39:1),0.23185703185703188,-0.6898147526267566,0.5659689598151137,0.6347797279164441
Resistant,PC(39:12COOH),0.14437652319832986,-0.6094053385110114,0.4521445221445221,0.8405034205537794
Resistant,PC(39:2),0.6125874125874127,-0.4819257580028777,0.8283852511125239,0.2128319312260859
Resistant,PC(39:2COOH),0.151981351981352,1.725408509064612,0.4521445221445221,0.8182096961670489
Resistant,PC(39:6),0.04009324009324009,-0.8540631064154103,0.22993231667930464,1.396928844193964
Resistant,PC(3:0_30:1),0.0721056721056721,0.5508463485250593,0.3268790468790469,1.1420305700832218
Resistant,PC(40:10),0.0037296037296037296,-1.7891325789231043,0.06575153241819909,2.428337297884279
Resistant,PC(40:10COOH),0.1205905205905206,-0.11581303408517604,0.4129574661948763,0.9186868296220773
Resistant,PC(40:3),0.0721056721056721,-0.7115205368299394,0.3268790468790469,1.1420305700832218
Resistant,PC(40:4),0.6943278943278944,-0.1678865138432062,0.8584417602599422,0.15843538673428506
Resistant,PC(40:4CHO),0.33566433566433573,-0.29499551548121855,0.6315265761906079,0.47409479996009096
Resistant,PC(41:4),0.5358197358197359,-0.67551640971964,0.7775920556408362,0.2709812940066779
Resistant,PC(42:0),0.9513641829362991,-1.764155951662438,0.992625617953129,0.021653202929255173
Resistant,PC(42:0COOH),0.5358197358197359,-0.3909032439231097,0.7775920556408362,0.2709812940066779
Resistant,PC(42:3),0.028904428904428903,-1.292260096502031,0.19109039109039108,1.5390356055199703
Resistant,PC(42:7),0.04009324009324009,-0.8975824445125224,0.22993231667930464,1.396928844193964
Resistant,PC(42:8),0.028904428904428903,-0.7764582080849288,0.19109039109039108,1.5390356055199703
Resistant,PC(43:1),0.23185703185703188,-1.452109229373123,0.5659689598151137,0.6347797279164441
Resistant,PC(44:0),0.3235367862420667,-2.312093728629254,0.6315265761906079,0.4900763326240666
Resistant,PC(44:1),0.5358197358197359,-1.0757060116482557,0.7775920556408362,0.2709812940066779
Resistant,PC(44:10),0.280963480963481,-0.4492362001587383,0.6051521128444206,0.5513501249464876
Resistant,PC(44:14CHO),1.0,0.3875780268472417,1.0,-4.342945178152237e-11
Resistant,PC(44:3),0.280963480963481,-0.22281213885250006,0.6051521128444206,0.5513501249464876
Resistant,PC(44:4),0.054079254079254076,-1.056651530049793,0.2681429681429681,1.2669693064907541
Resistant,PC(44:5),0.151981351981352,-1.1673591383791042,0.4521445221445221,0.8182096961670489
Resistant,PC(44:6),0.23185703185703188,-1.0766837893170882,0.5659689598151137,0.6347797279164441
Resistant,PC(44:9),0.39689199689199695,0.5349393979382474,0.6945609945609947,0.40132765820358507
Resistant,PC(46:0),0.5022642955663339,-2.433901661931871,0.7775920556408362,0.2990676933240673
Resistant,PC(46:0CHO),0.6943278943278944,-0.8911222430498887,0.8584417602599422,0.15843538673428506
Resistant,PC(46:1),0.778865578865579,-0.9363702843226697,0.9020438334306948,0.10853748886253317
Resistant,PC(46:11),0.33566433566433573,0.054766506056614025,0.6315265761906079,0.47409479996009096
Resistant,PC(46:3),0.151981351981352,-1.3202336898494582,0.4521445221445221,0.8182096961670489
Resistant,PC(46:4),0.0721056721056721,-1.7624328249600012,0.3268790468790469,1.1420305700832218
Resistant,PC(46:5),0.1205905205905206,-1.2347180162407934,0.4129574661948763,0.9186868296220773
Resistant,PC(47:3COOH),0.1892773892773893,-1.1922851421445955,0.5005335405335406,0.7229012627141002
Resistant,PC(48:2CHO),0.6943278943278944,-0.37674031980166794,0.8584417602599422,0.15843538673428506
Resistant,PC(48:5),0.0721056721056721,-1.9867521028941697,0.3268790468790469,1.1420305700832218
Resistant,PC(48:6),0.09386169386169387,-1.959577598301648,0.3662144776898876,1.0275116121565775
Resistant,PC(49:14CHO),0.778865578865579,-0.09946221739018825,0.9020438334306948,0.10853748886253317
Resistant,PC(7:0_27:2),0.0021756021756021756,2.2132811423830465,0.05177933177933178,2.6624204956001325
Resistant,PC(8:1COOH_28:5),0.013986013986013986,-1.484976598844235,0.125610238817786,1.8543060386958752
Resistant,PC(O-10:0_12:0),0.33566433566433573,-0.27571977897880473,0.6315265761906079,0.47409479996009096
Resistant,PC(O-12:0_6:0),0.778865578865579,0.15160634656199265,0.9020438334306948,0.10853748886253317
Resistant,PC(O-12:1_18:1),0.5358197358197359,0.10660068765108882,0.7775920556408362,0.2709812940066779
Resistant,PC(O-13:0_11:1),0.09386169386169387,-0.9136051640662135,0.3662144776898876,1.0275116121565775
Resistant,PC(O-13:0_20:4),0.013986013986013986,-0.8614023134034036,0.125610238817786,1.8543060386958752
Resistant,PC(O-13:1_17:3),0.14764858880647386,-0.8635593683436105,0.4521445221445221,0.8307706992783832
Resistant,PC(O-13:1_18:1),0.27116035987740905,-0.30996067533963567,0.6051521128444206,0.5667737982170183
Resistant,PC(O-13:1_20:5),0.5358197358197359,-0.6710582895083362,0.7775920556408362,0.2709812940066779
Resistant,PC(O-13:1_22:6),0.5358197358197359,-0.38260565522972023,0.7775920556408362,0.2709812940066779
Resistant,PC(O-14:0),0.054079254079254076,-1.0169319874765999,0.2681429681429681,1.2669693064907541
Resistant,PC(O-14:1_20:4),0.23185703185703188,-0.423934591714011,0.5659689598151137,0.6347797279164441
Resistant,PC(O-15:0_14:0),0.5358197358197359,-0.43431917163799255,0.7775920556408362,0.2709812940066779
Resistant,PC(O-15:1),0.778865578865579,0.4170385457938732,0.9020438334306948,0.10853748886253317
Resistant,PC(O-15:1_14:0),0.5358197358197359,0.19304923598937992,0.7775920556408362,0.2709812940066779
Resistant,PC(O-15:1_16:0),0.778865578865579,-0.05150885740853687,0.9020438334306948,0.10853748886253317
Resistant,PC(O-15:1_18:0),0.33566433566433573,0.24960248262240675,0.6315265761906079,0.47409479996009096
Resistant,PC(O-15:1_20:0),0.6943278943278944,0.07600164497691933,0.8584417602599422,0.15843538673428506
Resistant,PC(O-15:1_20:2),0.6125874125874127,0.37683739951518425,0.8283852511125239,0.2128319312260859
Resistant,PC(O-15:1_20:3),1.0,0.9157864341978851,1.0,-4.342945178152237e-11
Resistant,PC(O-15:1_20:4),0.46340326340326343,0.6595791522358838,0.7477286555252657,0.3340409120297112
Resistant,PC(O-15:1_20:5),0.33566433566433573,-0.34761632778839957,0.6315265761906079,0.47409479996009096
Resistant,PC(O-15:1_22:1),0.1205905205905206,-0.5232732695279073,0.4129574661948763,0.9186868296220773
Resistant,PC(O-15:1_22:2),0.6943278943278944,0.4813512062493292,0.8584417602599422,0.15843538673428506
Resistant,PC(O-15:1_22:3),0.280963480963481,0.6186365420385435,0.6051521128444206,0.5513501249464876
Resistant,PC(O-15:1_22:4),0.33566433566433573,0.8160646656292208,0.6315265761906079,0.47409479996009096
Resistant,PC(O-15:1_22:6),0.8665112665112666,-0.1869744845506894,0.9438429356049495,0.062225786100332525
Resistant,PC(O-15:1_24:4),0.778865578865579,0.29263593268744625,0.9020438334306948,0.10853748886253317
Resistant,PC(O-15:1_24:5),0.6943278943278944,-0.049533085720925296,0.8584417602599422,0.15843538673428506
Resistant,PC(O-15:2_22:4),0.280963480963481,1.2009157829023116,0.6051521128444206,0.5513501249464876
Resistant,PC(O-15:2_22:6),0.778865578865579,-0.12023554887511999,0.9020438334306948,0.10853748886253317
Resistant,PC(O-16:0_14:0),0.1892773892773893,-0.5485163746818759,0.5005335405335406,0.7229012627141002
Resistant,PC(O-16:0_16:0),0.1892773892773893,-1.1677305760879773,0.5005335405335406,0.7229012627141002
Resistant,PC(O-16:0_16:1),0.151981351981352,-0.5707999413879075,0.4521445221445221,0.8182096961670489
Resistant,PC(O-16:0_18:1),0.9550893550893552,-0.0697228719139918,0.992625617953129,0.01995599527457442
Resistant,PC(O-16:0_20:4),0.6125874125874127,-0.28122885826038657,0.8283852511125239,0.2128319312260859
Resistant,PC(O-16:0_20:5),0.6125874125874127,-0.16608009602710683,0.8283852511125239,0.2128319312260859
Resistant,PC(O-16:0_22:5),0.8665112665112666,-0.1538593541747332,0.9438429356049495,0.062225786100332525
Resistant,PC(O-16:0_23:7),0.005905205905205905,1.112813367382374,0.07596967596967596,2.2287649472691613
Resistant,PC(O-16:1),0.5358197358197359,-0.8235377778928348,0.7775920556408362,0.2709812940066779
Resistant,PC(O-16:1_14:0),0.8665112665112666,0.24604872267927747,0.9438429356049495,0.062225786100332525
Resistant,PC(O-16:1_18:0),0.1205905205905206,-0.5404861125443039,0.4129574661948763,0.9186868296220773
Resistant,PC(O-16:1_18:1),0.33566433566433573,0.4451200476029469,0.6315265761906079,0.47409479996009096
Resistant,PC(O-16:1_18:2),0.1892773892773893,-0.2487890947508911,0.5005335405335406,0.7229012627141002
Resistant,PC(O-16:2_20:5),0.09386169386169387,-0.768068284483626,0.3662144776898876,1.0275116121565775
Resistant,PC(O-16:2_2:0),0.0012432012432012432,-1.176011871779131,0.04226884226884227,2.9054585293149007
Resistant,PC(O-17:0),0.1205905205905206,-0.5694226975068236,0.4129574661948763,0.9186868296220773
Resistant,PC(O-17:0_16:0),0.23185703185703188,-0.39785267737746394,0.5659689598151137,0.6347797279164441
Resistant,PC(O-17:1),0.013986013986013986,-1.5260466230108432,0.125610238817786,1.8543060386958752
Resistant,PC(O-17:1_18:1),0.005905205905205905,1.8014662085727355,0.07596967596967596,2.2287649472691613
Resistant,PC(O-18:0_16:0),1.0,0.01732792872361911,1.0,-4.342945178152237e-11
Resistant,PC(O-18:0_18:0),0.8665112665112666,0.08173513738406697,0.9438429356049495,0.062225786100332525
Resistant,PC(O-18:0_18:1),0.151981351981352,0.9849886182154558,0.4521445221445221,0.8182096961670489
Resistant,PC(O-18:0_20:0),1.0,0.060900572417391226,1.0,-4.342945178152237e-11
Resistant,PC(O-18:0_20:3),0.46340326340326343,0.6238949747222341,0.7477286555252657,0.3340409120297112
Resistant,PC(O-18:0_20:4),0.6943278943278944,0.14518698980424286,0.8584417602599422,0.15843538673428506
Resistant,PC(O-18:0_22:5),0.9550893550893552,0.0677907370702111,0.992625617953129,0.01995599527457442
Resistant,PC(O-18:0_22:6),0.8665112665112666,-0.10060468328098904,0.9438429356049495,0.062225786100332525
Resistant,PC(O-18:1),0.33566433566433573,-0.7120563549285119,0.6315265761906079,0.47409479996009096
Resistant,PC(O-18:1_18:1),0.778865578865579,0.08965105330719433,0.9020438334306948,0.10853748886253317
Resistant,PC(O-18:1_18:2),0.5358197358197359,-0.5619878597895378,0.7775920556408362,0.2709812940066779
Resistant,PC(O-18:2_20:4),0.46340326340326343,-0.30047897666084433,0.7477286555252657,0.3340409120297112
Resistant,PC(O-18:4_18:0),0.1892773892773893,-0.4830745657111469,0.5005335405335406,0.7229012627141002
Resistant,PC(O-18:4_24:1),0.6125874125874127,0.1191781170041826,0.8283852511125239,0.2128319312260859
Resistant,PC(O-19:0_18:0),0.9550893550893552,0.8320048920469323,0.992625617953129,0.01995599527457442
Resistant,PC(O-19:0_18:1),0.8665112665112666,-0.06444458854679332,0.9438429356049495,0.062225786100332525
Resistant,PC(O-19:1),0.020512820512820513,-1.31995942156808,0.15498575498575498,1.68797461791737
Resistant,PC(O-20:0),0.9550893550893552,0.039316189035680314,0.992625617953129,0.01995599527457442
Resistant,PC(O-20:0_12:1),0.5358197358197359,-0.5656055589892905,0.7775920556408362,0.2709812940066779
Resistant,PC(O-20:0_16:0),0.8665112665112666,0.09168511294485605,0.9438429356049495,0.062225786100332525
Resistant,PC(O-20:0_18:1),0.39689199689199695,0.5237356078414241,0.6945609945609947,0.40132765820358507
Resistant,PC(O-20:1_18:1),0.280963480963481,0.33771828731126685,0.6051521128444206,0.5513501249464876
Resistant,PC(O-20:1_2:0),0.18166530051349883,-1.0148434976278566,0.5005335405335406,0.7407280181581577
Resistant,PC(O-21:0_18:1),0.6943278943278944,-0.23990780369909695,0.8584417602599422,0.15843538673428506
Resistant,PC(O-21:1_18:1),0.23185703185703188,-0.3953902843898827,0.5659689598151137,0.6347797279164441
Resistant,PC(O-21:2_18:1),0.6943278943278944,-0.3990779384631583,0.8584417602599422,0.15843538673428506
Resistant,PC(O-21:2_20:4),0.9550893550893552,-0.18714723083660748,0.992625617953129,0.01995599527457442
Resistant,PC(O-22:0_18:1),0.6943278943278944,-0.21411362202156964,0.8584417602599422,0.15843538673428506
Resistant,PC(O-24:0_16:0),0.23185703185703188,-1.0925486388452932,0.5659689598151137,0.6347797279164441
Resistant,PC(O-24:0_18:1),0.013986013986013986,-1.1372403821578743,0.125610238817786,1.8543060386958752
Resistant,PC(O-31:0),0.151981351981352,-0.43944388838399634,0.4521445221445221,0.8182096961670489
Resistant,PC(O-32:0),0.020512820512820513,-1.4527041297858823,0.15498575498575498,1.68797461791737
Resistant,PC(O-32:1),0.33566433566433573,-0.5770343807426132,0.6315265761906079,0.47409479996009096
Resistant,PC(O-32:3),0.6125874125874127,-0.3416008288151436,0.8283852511125239,0.2128319312260859
Resistant,PC(O-32:4),0.9550893550893552,-0.18492118244391714,0.992625617953129,0.01995599527457442
Resistant,PC(O-32:5),0.8168005804132161,-0.3156078163007922,0.9391233726490118,0.0878839622610129
Resistant,PC(O-33:0),0.028904428904428903,-0.8298625542689416,0.19109039109039108,1.5390356055199703
Resistant,PC(O-33:1),0.33566433566433573,-0.1292775333584609,0.6315265761906079,0.47409479996009096
Resistant,PC(O-33:3),0.39689199689199695,-0.35865410917359525,0.6945609945609947,0.40132765820358507
Resistant,PC(O-34:1),0.39689199689199695,-0.2711703277954822,0.6945609945609947,0.40132765820358507
Resistant,PC(O-34:4),0.280963480963481,-0.22590584834701366,0.6051521128444206,0.5513501249464876
Resistant,PC(O-34:5),0.5358197358197359,-0.44451387580184515,0.7775920556408362,0.2709812940066779
Resistant,PC(O-34:6),0.46340326340326343,-0.36431857556792985,0.7477286555252657,0.3340409120297112
Resistant,PC(O-35:0),0.8665112665112666,-0.09693794167841695,0.9438429356049495,0.062225786100332525
Resistant,PC(O-35:1),1.0,-0.00040576310432828577,1.0,-4.342945178152237e-11
Resistant,PC(O-35:2),0.6125874125874127,0.17003108217709817,0.8283852511125239,0.2128319312260859
Resistant,PC(O-36:1),0.27116035987740905,1.9870374039283516,0.6051521128444206,0.5667737982170183
Resistant,PC(O-36:2),0.5358197358197359,0.3570620735609677,0.7775920556408362,0.2709812940066779
Resistant,PC(O-36:6),0.33566433566433573,-0.38092815221359194,0.6315265761906079,0.47409479996009096
Resistant,PC(O-37:8),0.6943278943278944,0.3498869467545885,0.8584417602599422,0.15843538673428506
Resistant,PC(O-38:7),1.0,0.00528113501132253,1.0,-4.342945178152237e-11
Resistant,PC(O-39:0),0.778865578865579,0.792377232856529,0.9020438334306948,0.10853748886253317
Resistant,PC(O-39:10),0.39689199689199695,0.21085534338883802,0.6945609945609947,0.40132765820358507
Resistant,PC(O-40:2),0.8665112665112666,-0.1090350022755173,0.9438429356049495,0.062225786100332525
Resistant,PC(O-40:4),0.9550893550893552,0.3946724154529769,0.992625617953129,0.01995599527457442
Resistant,PC(O-40:7),0.6943278943278944,0.34082357617767195,0.8584417602599422,0.15843538673428506
Resistant,PC(O-40:8),1.0,-0.11444375830706735,1.0,-4.342945178152237e-11
Resistant,PC(O-41:10),0.0021756021756021756,1.3414907470424342,0.05177933177933178,2.6624204956001325
Resistant,PC(O-42:2),0.39689199689199695,-0.3058967609567479,0.6945609945609947,0.40132765820358507
Resistant,PC(O-42:4),0.5358197358197359,-0.32255018476740666,0.7775920556408362,0.2709812940066779
Resistant,PC(O-42:6),0.6125874125874127,-0.14187543830199437,0.8283852511125239,0.2128319312260859
Resistant,PC(O-43:2),0.8153345943552276,0.9080044946878579,0.9391233726490118,0.08866413027222965
Resistant,PC(O-43:4),0.6125874125874127,-0.36326848150489033,0.8283852511125239,0.2128319312260859
Resistant,PC(O-44:3),0.8665112665112666,0.13591691109412213,0.9438429356049495,0.062225786100332525
Resistant,PC(O-44:4),0.280963480963481,-0.22352957594833806,0.6051521128444206,0.5513501249464876
Resistant,PC(O-44:5),0.778865578865579,-0.23440626415822197,0.9020438334306948,0.10853748886253317
Resistant,PC(O-45:0),0.6943278943278944,-0.441237299535462,0.8584417602599422,0.15843538673428506
Resistant,PC(O-45:2),0.280963480963481,0.9874077559338619,0.6051521128444206,0.5513501249464876
Resistant,PC(O-47:0),0.151981351981352,2.5263489640631818,0.4521445221445221,0.8182096961670489
Resistant,PC(O-5:0_11:0),0.04009324009324009,-0.9944861674720932,0.22993231667930464,1.396928844193964
Resistant,PC(O-5:0_15:1),0.151981351981352,-0.9448634823792322,0.4521445221445221,0.8182096961670489
Resistant,PC(P-10:0_5:0),1.0,0.1043474841012878,1.0,-4.342945178152237e-11
Resistant,PC(P-11:0_16:0),0.9550893550893552,0.056910347314545195,0.992625617953129,0.01995599527457442
Resistant,PC(P-11:0_21:3),0.8665112665112666,-0.2145079401650511,0.9438429356049495,0.062225786100332525
Resistant,PC(P-11:0_21:4),0.8665112665112666,-0.3471038701501729,0.9438429356049495,0.062225786100332525
Resistant,PC(P-11:0_8:0),0.020512820512820513,-1.3265555150062667,0.15498575498575498,1.68797461791737
Resistant,PC(P-11:0_9:0),0.09386169386169387,-0.9773992735468642,0.3662144776898876,1.0275116121565775
Resistant,PC(P-12:1_18:2),0.11788375716644336,-1.0966962087721857,0.4129574661948763,0.9285460304902592
Resistant,PC(P-15:2_20:5),1.0,-0.10414757419594418,1.0,-4.342945178152237e-11
Resistant,PC(P-16:0),0.09386169386169387,-1.0165792672873961,0.3662144776898876,1.0275116121565775
Resistant,PC(P-16:3_20:5),0.9408026565073495,-1.353409350948813,0.992625617953129,0.026501464919846257
Resistant,PC(P-17:0),0.013986013986013986,-1.3394762888000227,0.125610238817786,1.8543060386958752
Resistant,PC(P-18:0),0.46340326340326343,-0.6336554810718906,0.7477286555252657,0.3340409120297112
Resistant,PC(P-18:4_18:0),0.778865578865579,-0.07003845632022422,0.9020438334306948,0.10853748886253317
Resistant,PC(P-20:3),0.5358197358197359,-0.35310204050302646,0.7775920556408362,0.2709812940066779
Resistant,PC(P-26:1),0.2226536979813717,-1.5457821616065337,0.5659689598151137,0.6523700872248953
Resistant,PC(P-29:8),1.0,0.04379133528470181,1.0,-4.342945178152237e-11
Resistant,PC(P-36:1),0.7715426535572856,1.0954134773581152,0.9020438334306948,0.11264005957369215
Resistant,PC(P-37:9),0.280963480963481,-0.41776744175216785,0.6051521128444206,0.5513501249464876
Resistant,PC(P-4:0_14:1),0.0003108003108003108,-1.3256544572911144,0.024656824656824654,3.5075184158421973
Resistant,PC(P-4:0_16:2),0.1205905205905206,-0.6060345350581254,0.4129574661948763,0.9186868296220773
Resistant,PC(P-9:0_13:1),0.33566433566433573,-0.1691631169672096,0.6315265761906079,0.47409479996009096
Resistant,PC(P-9:0_20:5),0.7441250623860661,-1.2237120219452204,0.9020438334306948,0.12835406797138113
Resistant,PC(P-9:0_22:6),0.29327072669776244,-0.6199469525999997,0.628814711297905,0.5327312845294041
Sensitive,PC(10:0CHO_30:6),0.5142205254974737,0.16059277749585005,0.6562170781147385,0.28885059207314695
Sensitive,PC(10:3CHO_28:2),0.04602002728929832,-0.4399186980448888,0.11840828643084324,1.337053127192417
Sensitive,PC(11:1_8:0),0.9693931464041992,-0.5553247406539906,0.9796839441367278,0.013500055013434448
Sensitive,PC(11:2_24:0),1.02191957050091e-05,1.1065171381062902,0.0004864337155584331,4.990579033943771
Sensitive,PC(12:0_14:0),0.015637278202145406,-1.2714879163663817,0.05433098119869499,1.8058388344743777
Sensitive,PC(12:0_16:1),0.005094968362208149,-1.5952863342099626,0.024746989187868152,2.2928584999267136
Sensitive,PC(13:0_18:1),0.5392743800095715,-0.09973507938150751,0.6772944719909131,0.268190211718767
Sensitive,PC(13:1_16:1),0.0008434151726241524,-2.126408506435127,0.0074345485586869734,3.0739585390143738
Sensitive,PC(13:1_17:1COOH),0.0035446467792924694,-1.2439892944377458,0.01961920775515367,2.4504270231080847
Sensitive,PC(14:0COOH_22:6),0.0007341210107566357,-1.4185680520517292,0.006988832022403172,3.1342322869579853
Sensitive,PC(14:0_14:0),0.023586696775152842,-1.4427672941814416,0.07435276599319704,1.6273328742622009
Sensitive,PC(14:0_15:0),0.00031008598737042515,-1.2420649268971076,0.003989214324008713,3.508517718812007
Sensitive,PC(14:0_16:0),0.0009676420705056791,-1.0800106556518219,0.008224957599298272,3.0142852130480327
Sensitive,PC(14:0_16:1),0.006445190615009289,-1.132375552433189,0.02789009757040383,2.190764227224355
Sensitive,PC(14:0_17:0CHO),0.37750834876094097,-0.6237949350490556,0.5348034940779997,0.42307343920262797
Sensitive,PC(14:0_18:1),0.0045207427311867755,-0.6527192011533288,0.022651300421525317,2.3447901977153576
Sensitive,PC(14:0_18:4COOH),0.00693916404117579,-2.3100850384299085,0.029757135888285366,2.158692839449654
Sensitive,PC(14:0_20:4),0.019256169130045495,-0.8389980691053264,0.06409745808322836,1.7154301059823005
Sensitive,PC(14:0_20:5),0.004005781262913056,-2.0361159770736417,0.021186132012740163,2.397312758355382
Sensitive,PC(14:0_22:6),0.00031008598737042515,-1.3097310748711783,0.003989214324008713,3.508517718812007
Sensitive,PC(14:1COOH_16:0),0.00144777357150833,-2.38944258680877,0.010452055016869214,2.8392993254991286
Sensitive,PC(14:1COOH_18:0),0.0016535481747902729,-0.8473820972779258,0.01108575959436859,2.781583121482672
Sensitive,PC(14:1_16:1),0.012630828581031383,-1.4672740068234003,0.046970893785710455,1.8985681553992948
Sensitive,PC(14:1_18:1),0.00041558139119011935,-1.842454734379563,0.005072224159140944,3.381343802917064
Sensitive,PC(14:1_20:1),0.005094968362208149,-0.5315975601688286,0.024746989187868152,2.2928584999267136
Sensitive,PC(14:1_22:2),0.038270253227805806,-0.5404621975203144,0.10350363941156569,1.4171386629779035
Sensitive,PC(14:1_4:1COOH),0.11568501330321677,0.45859415921011604,0.23137002660643355,0.9367228987651945
Sensitive,PC(15:0_15:0),0.0016535481747902729,-1.0326179756936391,0.01108575959436859,2.781583121482672
Sensitive,PC(15:0_16:0),0.0006381060315066232,-1.0875715269989064,0.00632788481244068,3.195107082259448
Sensitive,PC(15:0_16:1),0.0002300859457347971,-1.0995112616483058,0.0032212032402871597,3.6381097196370686
Sensitive,PC(15:0_24:4),0.48978585233669536,-0.4311911188373761,0.628404489790477,0.30999376371398557
Sensitive,PC(15:0_28:1),0.20461309044529274,-0.7768189244447277,0.3505080073652226,0.6890665848480902
Sensitive,PC(15:1_18:1),0.0006381060315066232,1.0216520455093634,0.00632788481244068,3.195107082259448
Sensitive,PC(15:2_22:6),0.9083593250583301,-0.14778058501069544,0.9338640145308101,0.04174232101195165
Sensitive,PC(15:4COOH_18:0),0.0045207427311867755,-0.7695053536081004,0.022651300421525317,2.3447901977153576
Sensitive,PC(16:0CHO),0.1448301337395147,-0.42265315359891525,0.2735680303968611,0.839141067982331
Sensitive,PC(16:0CHO_18:1),0.055051348269647395,0.9759497624061064,0.13168061194146813,1.2592320394111038
Sensitive,PC(16:0_11:0COOH),0.12483871370817173,0.2624668690740502,0.24353781854544979,0.9036507144451156
Sensitive,PC(16:0_16:0),3.4388682217329406e-06,-1.2942844606616815,0.00039393407466449797,5.463571837318375
Sensitive,PC(16:0_16:0CHO),0.48978585233669536,0.3964459413884842,0.628404489790477,0.30999376371398557
Sensitive,PC(16:0_16:1),0.0014492345191457316,-0.718508881720713,0.010452055016869214,2.8388613001382033
Sensitive,PC(16:0_17:0),0.00041558139119011935,-0.8744634368681597,0.005072224159140944,3.381343802917064
Sensitive,PC(16:0_17:1),0.3985983702940361,-0.11478007107798123,0.5499502152462643,0.3994644811757332
Sensitive,PC(16:0_17:2),0.005734336688312036,0.6356569046190433,0.02599565965368123,2.241516803714232
Sensitive,PC(16:0_17:2COOH),6.595663082822642e-05,-1.2952868220519773,0.001495016965439799,4.180740878473959
Sensitive,PC(16:0_18:0),0.46599011194048356,-0.07450824555695845,0.6093716848452477,0.3316232986143254
Sensitive,PC(16:0_18:0CHO),0.48978585233669536,0.7591142335760893,0.628404489790477,0.30999376371398557
Sensitive,PC(16:0_18:1),0.0348309897987536,-0.1656136910144632,0.09927874936650727,1.4580341826919998
Sensitive,PC(16:0_18:2),0.0348309897987536,-0.32031682974384573,0.09927874936650727,1.4580341826919998
Sensitive,PC(16:0_18:3),0.017364210554802036,-0.6214156144324606,0.058619604426140205,1.7603449541358502
Sensitive,PC(16:0_18:4COOH),0.001268418918385629,-0.8868291231355132,0.009583609605580308,2.8967372548836656
Sensitive,PC(16:0_20:0COOH),0.5911489427210507,-0.09789219364943981,0.7141799409523354,0.2283030827468957
Sensitive,PC(16:0_20:3CHO),0.017364210554802036,-0.52124501750526,0.058619604426140205,1.7603449541358502
Sensitive,PC(16:0_20:4),0.0035446467792924694,-0.7676712175913274,0.01961920775515367,2.4504270231080847
Sensitive,PC(16:0_20:4COOH),0.006445190615009289,0.32672949552316655,0.02789009757040383,2.190764227224355
Sensitive,PC(16:0_20:5),4.137962969164895e-06,-1.5320120544072267,0.00039393407466449797,5.38320290493351
Sensitive,PC(16:0_21:6),1.0,0.0005703778107813343,1.0,-4.342945178152237e-11
Sensitive,PC(16:0_22:1),0.0045207427311867755,1.2898744783848923,0.022651300421525317,2.3447901977153576
Sensitive,PC(16:0_22:4CHO),0.8179235493401322,-0.07119694367403816,0.8749024932267482,0.08728728753640737
Sensitive,PC(16:0_22:6),0.0014492345191457316,-0.8354488865767941,0.010452055016869214,2.8388613001382033
Sensitive,PC(16:0_24:0),0.15570425627332374,-0.7174748095410848,0.28726831777558953,0.8076995152791413
Sensitive,PC(16:0_24:1),0.7588773816484746,0.24207582972339434,0.8323171282596173,0.1198283910768644
Sensitive,PC(16:0_26:0),0.014063296304989674,-2.078060323681204,0.050713098796780945,1.851912869735762
Sensitive,PC(16:1COOH_16:0),0.7012051498520031,-0.45911038602274584,0.7909328230558139,0.1541549029211923
Sensitive,PC(16:1COOH_18:1),0.6452054678219191,0.24136134741296467,0.7545891957819005,0.19030196075261338
Sensitive,PC(16:1_16:0),0.001268418918385629,-0.6054746631198872,0.009583609605580308,2.8967372548836656
Sensitive,PC(16:1_16:1),0.17929479635284185,-0.4013037246203658,0.3220540492979348,0.7464323144791453
Sensitive,PC(16:1_16:2),0.0045207427311867755,-1.214768924974599,0.022651300421525317,2.3447901977153576
Sensitive,PC(16:1_17:1),0.0005538808945948657,0.7946512074331761,0.005991984223344456,3.2565835366120885
Sensitive,PC(16:1_17:2COOH),0.0035446467792924694,-0.8802748689616704,0.01961920775515367,2.4504270231080847
Sensitive,PC(16:1_18:1),0.4203825652786761,-0.09427665018628775,0.5684718780473006,0.3763553038636943
Sensitive,PC(16:1_18:3),0.007234360166596892,-0.6911999538832321,0.02994396034174018,2.1405998674434716
Sensitive,PC(16:1_19:2COOH),0.012630828581031383,-0.6208814495876612,0.046970893785710455,1.8985681553992948
Sensitive,PC(16:1_20:5),4.758998229124915e-05,-1.218103053991144,0.0012584906428130332,4.3224835442324565
Sensitive,PC(16:1_22:6),0.008109184751252427,-1.1103409475860548,0.03299121317603552,2.091022799598397
Sensitive,PC(17:0COOH_16:1),9.089996268359373e-05,-1.2286101963716611,0.001881234010321331,4.04143581729366
Sensitive,PC(17:0COOH_18:1),0.0018840740051156639,0.5188083937652378,0.012119178735608865,2.7249020193722924
Sensitive,PC(17:0_17:1COOH),0.0001977816265185538,0.5749588602103207,0.0029420016944634877,3.703813836291728
Sensitive,PC(17:0_18:0),0.4428506841511466,0.08669642253833461,0.5871780658939993,0.3537426799547554
Sensitive,PC(17:0_18:1),0.7882483606685715,0.05675602914092894,0.8546838717044192,0.1033369237324893
Sensitive,PC(17:0_26:1),0.3088098106276699,-0.794516317661839,0.46516920841383186,0.5103089108064798
Sensitive,PC(17:1),0.26127565325401236,-2.871170417602501,0.41733963405674457,0.5829010575770543
Sensitive,PC(17:1_15:0),5.6065013612854245e-05,2.1956686660130083,0.0014045761305115064,4.251307293436889
Sensitive,PC(17:1_18:1),0.30021417820496865,-0.14024225533623277,0.4536569803986193,0.5225688010527555
Sensitive,PC(17:1_20:5CHO),0.09896649196157843,-0.43838819805308615,0.20305194040392816,1.0045118233421415
Sensitive,PC(17:2CHO_19:2),0.07133130299929451,-0.6569848149312489,0.16245789582614442,1.1467198420992708
Sensitive,PC(17:3COOH_23:2),0.015637278202145406,0.4755738623858728,0.05433098119869499,1.8058388344743777
Sensitive,PC(17:3_18:0),0.5392743800095715,-0.09018556737983992,0.6772944719909131,0.268190211718767
Sensitive,PC(17:3_18:1),0.7012051498520031,0.10368196346520253,0.7909328230558139,0.1541549029211923
Sensitive,PC(17:3_21:1COOH),0.7588773816484746,0.056778974552794945,0.8323171282596173,0.1198283910768644
Sensitive,PC(17:4COOH_18:1),0.19204268011274017,0.23126852558254418,0.3360746901972953,0.716602241499577
Sensitive,PC(18:0),0.0029136204388585133,-4.119568180900533,0.017336041611208153,2.5355670100851664
Sensitive,PC(18:0CHO_20:0),0.0842352721422823,0.5059191783506871,0.18477414534436118,1.074506016189939
Sensitive,PC(18:0CHO_22:0),0.5392743800095715,-0.39092436407099374,0.6772944719909131,0.268190211718767
Sensitive,PC(18:0CHO_24:0),0.7298502540390175,-0.16565655946742483,0.8117026189779727,0.13676623641688587
Sensitive,PC(18:0_16:1),0.09896649196157843,0.23500098436533182,0.20305194040392816,1.0045118233421415
Sensitive,PC(18:0_18:0),0.0016535481747902729,1.3710226618174306,0.01108575959436859,2.781583121482672
Sensitive,PC(18:0_18:0CHO),0.9693931464041992,-0.098412003016873,0.9796839441367278,0.013500055013434448
Sensitive,PC(18:0_18:1),3.4388682217329406e-06,1.4482470248974753,0.00039393407466449797,5.463571837318375
Sensitive,PC(18:0_18:1COOH),0.010147831973593488,-0.29907078824575883,0.039271284710817075,1.993626728099413
Sensitive,PC(18:0_18:4),0.23426190325782914,-0.11658219417296886,0.3792811767031519,0.6302983324304479
Sensitive,PC(18:0_19:1),0.7588773816484746,0.21816697285027184,0.8323171282596173,0.1198283910768644
Sensitive,PC(18:0_20:0),0.4428506841511466,0.2901314998492879,0.5871780658939993,0.3537426799547554
Sensitive,PC(18:0_20:0COOH),7.148392379340136e-06,1.5971386729774826,0.00045235985032621205,5.145785541467761
Sensitive,PC(18:0_20:3),0.23426190325782914,0.29233218789900967,0.3792811767031519,0.6302983324304479
Sensitive,PC(18:0_20:4),0.2826687030414319,0.14937984833317788,0.43827460145837643,0.5487222735953762
Sensitive,PC(18:0_20:5),0.2658316968708465,-0.4220407096654547,0.4176101904637721,0.575393236339857
Sensitive,PC(18:0_21:4COOH),0.021325874972265443,0.5374802796067869,0.06905521419590714,1.6710931392338788
Sensitive,PC(18:0_21:5COOH),0.1448301337395147,-0.3896291985621243,0.2735680303968611,0.839141067982331
Sensitive,PC(18:0_21:6COOH),0.6179186012322198,-0.033649603072247895,0.7316648114092951,0.20906873093149042
Sensitive,PC(18:0_22:0),0.055051348269647395,-0.7404728376988753,0.13168061194146813,1.2592320394111038
Sensitive,PC(18:0_22:4),1.0,0.046403921022279686,1.0,-4.342945178152237e-11
Sensitive,PC(18:0_22:4COOH),0.3985983702940361,0.13833524106517914,0.5499502152462643,0.3994644811757332
Sensitive,PC(18:0_22:5),0.6729786222428724,-0.5045983711959791,0.7718983715364031,0.1719987312381103
Sensitive,PC(18:0_22:6),0.878021606681978,-0.21466034953757043,0.9102999567028859,0.0564947966329357
Sensitive,PC(18:0_24:4),0.16718706529127714,-0.4350136312887906,0.3049082110293023,0.7767973252611624
Sensitive,PC(18:0_24:5),0.09896649196157843,-0.7876846416895081,0.20305194040392816,1.0045118233421415
Sensitive,PC(18:0_26:0),0.014063296304989674,-2.6285171605661097,0.050713098796780945,1.851912869735762
Sensitive,PC(18:0_28:0),0.3774646289155472,-0.5230950401414773,0.5348034940779997,0.42312373845354634
Sensitive,PC(18:1_17:3COOH),0.055051348269647395,0.40209045449037123,0.13168061194146813,1.2592320394111038
Sensitive,PC(18:1_18:1),8.553022380117454e-06,1.0673096866124412,0.00045235985032621205,5.067875313937267
Sensitive,PC(18:1_18:2),0.24969831874098736,-0.24104708733599167,0.40018989804952854,0.6025843816396024
Sensitive,PC(18:1_18:3),0.07756492794815108,-0.3708850018167155,0.17498059575033134,1.1103346060383026
Sensitive,PC(18:1_19:1),0.37750834876094097,0.43563908540570834,0.5348034940779997,0.42307343920262797
Sensitive,PC(18:1_19:6COOH),0.9083593250583301,0.1067690447112565,0.9338640145308101,0.04174232101195165
Sensitive,PC(18:1_20:0COOH),2.8861772773057137e-05,0.9210962169479026,0.0009813002742839426,4.539675492070786
Sensitive,PC(18:1_20:1),0.30021417820496865,0.358354849723818,0.4536569803986193,0.5225688010527555
Sensitive,PC(18:1_20:1CHO),0.005094968362208149,1.2063643348099808,0.024746989187868152,2.2928584999267136
Sensitive,PC(18:1_20:3),0.0005538808945948657,0.868809226867706,0.005991984223344456,3.2565835366120885
Sensitive,PC(18:1_20:4),0.07133130299929451,-0.47787754477350597,0.16245789582614442,1.1467198420992708
Sensitive,PC(18:1_21:3COOH),0.19204268011274017,-0.5071741554699709,0.3360746901972953,0.716602241499577
Sensitive,PC(18:1_21:5CHO),0.847861995726637,0.0208534473872899,0.8909101765251197,0.07167483091355704
Sensitive,PC(18:1_21:6CHO),0.038270253227805806,-0.5203627772319125,0.10350363941156569,1.4171386629779035
Sensitive,PC(18:1_21:6COOH),0.006445190615009289,-0.590450547996321,0.02789009757040383,2.190764227224355
Sensitive,PC(18:1_22:1),0.7588773816484746,0.2135493488737347,0.8323171282596173,0.1198283910768644
Sensitive,PC(18:1_22:6),0.9083593250583301,0.12748928126890213,0.9338640145308101,0.04174232101195165
Sensitive,PC(18:1_24:1),0.3571204139826262,-0.4103057409766208,0.5182601129747868,0.44718532351195883
Sensitive,PC(18:1_24:5),0.06551437352185308,-0.35905654179672514,0.1521211794946442,1.1836634068810854
Sensitive,PC(18:1_26:1),0.20544481944306114,-0.8421070773663529,0.3505080073652226,0.6873048053499213
Sensitive,PC(18:2COOH_22:6),0.05084971255767495,-1.2808979262160696,0.12606491238256914,1.2937114968521268
Sensitive,PC(18:2_18:1),0.5392743800095715,-0.20090638633051794,0.6772944719909131,0.268190211718767
Sensitive,PC(18:2_22:6),0.0005538808945948657,-1.347738918784336,0.005991984223344456,3.2565835366120885
Sensitive,PC(18:3COOH_22:6),0.019113376988042448,-2.233307957534296,0.0640701932838606,1.718662571912808
Sensitive,PC(18:3_20:0CHO),0.37750834876094097,-0.19135389935690084,0.5348034940779997,0.42307343920262797
Sensitive,PC(18:3_22:3COOH),0.5649253193062427,0.3429462531261891,0.6966436580045894,0.24800896016897317
Sensitive,PC(18:4_22:3COOH),0.02873838883792886,-0.9905746386042392,0.08768893004393677,1.5415375818865145
Sensitive,PC(19:0COOH_16:2),0.001268418918385629,-0.7373246006790726,0.009583609605580308,2.8967372548836656
Sensitive,PC(19:0COOH_18:1),4.137962969164895e-06,0.9306760362430279,0.00039393407466449797,5.38320290493351
Sensitive,PC(19:0COOH_28:2),0.08366654533655589,-2.1304871589428704,0.18477414534436118,1.077448162516787
Sensitive,PC(19:1CHO),4.296297373881466e-05,-4.0034052513813725,0.0012584906428130332,4.366904655147124
Sensitive,PC(19:1COOH_18:2),0.0842352721422823,-0.5391397476686727,0.18477414534436118,1.074506016189939
Sensitive,PC(19:1COOH_20:2),0.16718706529127714,0.39803302707251875,0.3049082110293023,0.7767973252611624
Sensitive,PC(19:2),0.6165590333172073,-3.098480329128144,0.7316648114092951,0.21002533486722463
Sensitive,PC(19:2CHO_18:1),0.0419940620636736,0.5651531943036122,0.11167136057155662,1.3768121132177569
Sensitive,PC(19:3COOH_22:5),0.0016535481747902729,-1.110386730061785,0.01108575959436859,2.781583121482672
Sensitive,PC(19:4CHO_18:1),0.5910128715273715,-0.46875721547694355,0.7141799409523354,0.2284030605470574
Sensitive,PC(19:4_18:2),0.5392743800095715,0.01995943279209809,0.6772944719909131,0.268190211718767
Sensitive,PC(20:0),0.04445966680505007,-2.572491101296934,0.11757111888446574,1.3520337953896284
Sensitive,PC(20:0COOH_16:1),0.06009426935694701,-0.23666126963426545,0.14091070056111712,1.2211669400086542
Sensitive,PC(20:0_18:1),0.07133130299929451,0.542761550459672,0.16245789582614442,1.1467198420992708
Sensitive,PC(20:1),0.7742695310265082,-2.3724404044060736,0.8472466592382021,0.11110783065508459
Sensitive,PC(20:2CHO_18:1),0.3374401847412889,0.2729423604864434,0.49882462092190527,0.4718031997088746
Sensitive,PC(20:2COOH_18:1),0.0016535481747902729,1.332742617523634,0.01108575959436859,2.781583121482672
Sensitive,PC(20:3CHO_20:2),0.3985983702940361,-0.01874520037240575,0.5499502152462643,0.3994644811757332
Sensitive,PC(20:3COOH_22:5),0.0988427632316623,-1.2058504284452483,0.20305194040392816,1.0050551215973869
Sensitive,PC(20:3_18:0),0.055051348269647395,0.734289684171689,0.13168061194146813,1.2592320394111038
Sensitive,PC(20:3_20:0COOH),0.5911489427210507,-0.20857595654067007,0.7141799409523354,0.2283030827468957
Sensitive,PC(20:4COOH_14:0),0.24185032727044375,-0.752343775392229,0.3902398501041736,0.6164533204108121
Sensitive,PC(20:4COOH_16:0),0.038270253227805806,-0.6253517791169239,0.10350363941156569,1.4171386629779035
Sensitive,PC(20:4COOH_16:1),0.04602002728929832,-1.0359452269773979,0.11840828643084324,1.337053127192417
Sensitive,PC(20:4COOH_18:3),0.0913624324056609,-1.6340139022677664,0.195894224437363,1.0392323459445267
Sensitive,PC(20:4COOH_22:5),0.005734336688312036,-1.3353486047185026,0.02599565965368123,2.241516803714232
Sensitive,PC(20:4COOH_22:6),0.012630828581031383,-0.8874677265965993,0.046970893785710455,1.8985681553992948
Sensitive,PC(20:4_15:1),0.6179186012322198,-0.12354748864418573,0.7316648114092951,0.20906873093149042
Sensitive,PC(20:4_18:0),0.4428506841511466,0.20998010970347758,0.5871780658939993,0.3537426799547554
Sensitive,PC(20:4_20:5),0.7298502540390175,0.016861493163873562,0.8117026189779727,0.13676623641688587
Sensitive,PC(20:4_22:5),0.0009676420705056791,-1.2062294188902276,0.008224957599298272,3.0142852130480327
Sensitive,PC(20:4_22:6),0.021325874972265443,-0.9259597334003005,0.06905521419590714,1.6710931392338788
Sensitive,PC(20:5COOH_16:0),0.15570425627332374,-0.28992564741485866,0.28726831777558953,0.8076995152791413
Sensitive,PC(20:5COOH_18:0),0.23426190325782914,-0.37215729637569867,0.3792811767031519,0.6302983324304479
Sensitive,PC(20:5_15:1),0.005734336688312036,-1.0231845929970613,0.02599565965368123,2.241516803714232
Sensitive,PC(20:5_20:4COOH),0.7012051498520031,-0.04894852386400442,0.7909328230558139,0.1541549029211923
Sensitive,PC(20:5_22:6),0.026052649491026002,-0.7486848599994133,0.08105268730541422,1.5841481017600088
Sensitive,PC(21:0_11:0),0.09896649196157843,-0.3576757316247509,0.20305194040392816,1.0045118233421415
Sensitive,PC(21:0_13:1COOH),0.0842352721422823,0.5261819085070532,0.18477414534436118,1.074506016189939
Sensitive,PC(21:0_16:0),1.0,-0.3602290061405041,1.0,-4.342945178152237e-11
Sensitive,PC(21:1CHO),0.4203825652786761,-0.44987995057249947,0.5684718780473006,0.3763553038636943
Sensitive,PC(21:1COOH_20:4),0.3571204139826262,-0.23255196365752384,0.5182601129747868,0.44718532351195883
Sensitive,PC(21:2CHO_18:1),0.005734336688312036,0.6892965409675844,0.02599565965368123,2.241516803714232
Sensitive,PC(21:2CHO_20:4),1.0,-0.2028735654852251,1.0,-4.342945178152237e-11
Sensitive,PC(21:2COOH_17:1),0.005734336688312036,0.9057631299920273,0.02599565965368123,2.241516803714232
Sensitive,PC(21:6_18:1),0.0024359693317738346,-0.9978771157479247,0.015058719505510977,2.613328165831954
Sensitive,PC(22:2CHO_18:1),0.19204268011274017,-0.42743453635182754,0.3360746901972953,0.716602241499577
Sensitive,PC(22:3COOH_16:2),0.2658316968708465,0.6280291051586119,0.4176101904637721,0.575393236339857
Sensitive,PC(22:3_8:0),0.009077534719744651,-1.5242146921860038,0.03600755438832045,2.0420320765385664
Sensitive,PC(22:5_22:6),0.000267293654413864,-1.216891610864991,0.0036351937000285504,3.573011188850212
Sensitive,PC(22:6_22:6),1.4526801017709654e-05,-1.6346094559764197,0.0006286142985845268,4.837827022622378
Sensitive,PC(23:0_16:0),0.055051348269647395,-0.7320356193782702,0.13168061194146813,1.2592320394111038
Sensitive,PC(23:0_18:1),0.04602002728929832,-0.7683672455657158,0.11840828643084324,1.337053127192417
Sensitive,PC(23:4_15:1),0.038270253227805806,0.36967591623190993,0.10350363941156569,1.4171386629779035
Sensitive,PC(24:0),0.4005127535251253,-0.583622423472621,0.5509944239247389,0.3973836500146297
Sensitive,PC(24:0_13:3COOH),0.1345475795210754,-0.28321723102361734,0.25824454779045114,0.8711241103615098
Sensitive,PC(24:0_15:1COOH),0.2826687030414319,-0.2972551164108341,0.43827460145837643,0.5487222735953762
Sensitive,PC(24:0_18:1),0.15570425627332374,-0.5853235602400572,0.28726831777558953,0.8076995152791413
Sensitive,PC(24:0_20:0COOH),0.06009426935694701,-0.7741636734925222,0.14091070056111712,1.2211669400086542
Sensitive,PC(24:1),0.5649253193062427,0.1297313118155606,0.6966436580045894,0.24800896016897317
Sensitive,PC(25:0CHO),0.5911489427210507,0.028962055359132467,0.7141799409523354,0.2283030827468957
Sensitive,PC(25:0COOH),0.9693819262210389,-0.9575147992231396,0.9796839441367278,0.013505081758105133
Sensitive,PC(25:1),0.3985983702940361,0.2030424436536424,0.5499502152462643,0.3994644811757332
Sensitive,PC(26:0_13:3COOH),0.8179235493401322,0.42747723344627697,0.8749024932267482,0.08728728753640737
Sensitive,PC(26:0_16:0),0.04962909091909916,-1.9229392576828466,0.12552011316674105,1.3042636790441542
Sensitive,PC(26:0_18:1),0.3374401847412889,-0.6607164535993366,0.49882462092190527,0.4718031997088746
Sensitive,PC(26:0_20:0COOH),0.19824944846752734,-0.9003746595739296,0.34566570502030414,0.702788012002354
Sensitive,PC(27:0),0.0913624324056609,-0.45660138621587376,0.195894224437363,1.0392323459445267
Sensitive,PC(27:1CHO),9.089996268359373e-05,1.5844454431851236,0.001881234010321331,4.04143581729366
Sensitive,PC(27:3_19:0COOH),0.3562373748597697,-0.7114184366743775,0.5182601129747868,0.44826051809210166
Sensitive,PC(28:0),0.46599011194048356,5.709795679666341,0.6093716848452477,0.3316232986143254
Sensitive,PC(28:0CHO),0.5392743800095715,0.10369462829574291,0.6772944719909131,0.268190211718767
Sensitive,PC(28:0COOH),0.8179235493401322,0.07095169153300335,0.8749024932267482,0.08728728753640737
Sensitive,PC(28:0_18:1),0.12470045474619072,-1.385943387329828,0.24353781854544979,0.904131962424982
Sensitive,PC(28:2),0.11568501330321677,-1.3476398414050355,0.23137002660643355,0.9367228987651945
Sensitive,PC(28:4_10:2COOH),0.02873838883792886,-0.7877174849575266,0.08768893004393677,1.5415375818865145
Sensitive,PC(29:0CHO),0.7882483606685715,0.2523970153016831,0.8546838717044192,0.1033369237324893
Sensitive,PC(29:0COOH),0.4428506841511466,0.1847208490126273,0.5871780658939993,0.3537426799547554
Sensitive,PC(29:1),0.0035446467792924694,-1.1220471612358054,0.01961920775515367,2.4504270231080847
Sensitive,PC(29:2_5:0CHO),0.3985983702940361,-0.1459410898321001,0.5499502152462643,0.3994644811757332
Sensitive,PC(2:0_32:2),0.4428506841511466,-0.13320199248184578,0.5871780658939993,0.3537426799547554
Sensitive,PC(30:0CHO),0.878021606681978,0.3128854103401744,0.9102999567028859,0.0564947966329357
Sensitive,PC(30:0COOH),0.37750834876094097,0.2730953602618899,0.5348034940779997,0.42307343920262797
Sensitive,PC(30:1),0.005734336688312036,2.137187754570807,0.02599565965368123,2.241516803714232
Sensitive,PC(30:3_6:0),0.5649253193062427,-0.10095056546557242,0.6966436580045894,0.24800896016897317
Sensitive,PC(31:0),0.008109184751252427,-1.7961878979870407,0.03299121317603552,2.091022799598397
Sensitive,PC(31:0COOH),0.10706742793331354,0.45652969660379406,0.21779528075323612,0.970342629792741
Sensitive,PC(31:1),0.0348309897987536,-0.4339848955779256,0.09927874936650727,1.4580341826919998
Sensitive,PC(31:2),0.007234360166596892,-0.9334340648096869,0.02994396034174018,2.1405998674434716
Sensitive,PC(31:4CHO),0.040077248357260106,0.9541227394146439,0.10777836281387464,1.3971021030302562
Sensitive,PC(31:8CHO),0.37750834876094097,0.13499232998699598,0.5348034940779997,0.42307343920262797
Sensitive,PC(32:0),0.00010648864835169632,-1.0428057178843442,0.0021120248589753103,3.9726962775484163
Sensitive,PC(32:0COOH),0.847861995726637,-0.06038996755610108,0.8909101765251197,0.07167483091355704
Sensitive,PC(32:1),0.0002300859457347971,-0.8697590702968642,0.0032212032402871597,3.6381097196370686
Sensitive,PC(32:1CHO),0.5649253193062427,0.2933630736857346,0.6966436580045894,0.24800896016897317
Sensitive,PC(32:2CHO),0.017364210554802036,-1.4900190572680563,0.058619604426140205,1.7603449541358502
Sensitive,PC(32:2COOH),2.364970758790928e-06,-1.2515546150362011,0.00039393407466449797,5.626155861398582
Sensitive,PC(32:3),0.00016977576320333164,-1.129714791295471,0.0027866642511995125,3.7701240527417017
Sensitive,PC(32:3CHO),0.03442748750173483,-2.5789471341779286,0.09927874936650727,1.4630946694392426
Sensitive,PC(32:4),0.0018840740051156639,-1.376075184829006,0.012119178735608865,2.7249020193722924
Sensitive,PC(32:5),0.00016977576320333164,-2.640790897766864,0.0027866642511995125,3.7701240527417017
Sensitive,PC(33:0),0.12483871370817173,-1.0071221922114793,0.24353781854544979,0.9036507144451156
Sensitive,PC(33:0CHO),0.6452054678219191,0.11732743526365762,0.7545891957819005,0.19030196075261338
Sensitive,PC(33:1),0.0011086342492354195,1.0527247234804347,0.009098446597173442,2.955211669625663
Sensitive,PC(33:1CHO),0.15570425627332374,0.6281814257257549,0.28726831777558953,0.8076995152791413
Sensitive,PC(33:3),0.09896649196157843,-0.41209928528007295,0.20305194040392816,1.0045118233421415
Sensitive,PC(33:4),0.0027641782862692834,-1.263741698534164,0.01665504891473644,2.558433933196352
Sensitive,PC(33:5),0.0004801065833438227,-1.4130823691076975,0.00571326834179149,3.31866224837547
Sensitive,PC(34:0CHO),0.7588773816484746,0.48528968566137576,0.8323171282596173,0.1198283910768644
Sensitive,PC(34:0COOH),0.07756492794815108,-0.7061784363228361,0.17498059575033134,1.1103346060383026
Sensitive,PC(34:0_6:0COOH),0.038270253227805806,0.5761959470742538,0.10350363941156569,1.4171386629779035
Sensitive,PC(34:10CHO),0.12483871370817173,0.5727527603858322,0.24353781854544979,0.9036507144451156
Sensitive,PC(34:2),0.017364210554802036,-0.49239148643781233,0.058619604426140205,1.7603449541358502
Sensitive,PC(34:3CHO),0.0842352721422823,-0.586843500919399,0.18477414534436118,1.074506016189939
Sensitive,PC(34:5COOH),0.010147831973593488,-1.4141756389666527,0.039271284710817075,1.993626728099413
Sensitive,PC(34:6),0.00016977576320333164,-1.5881625798546044,0.0027866642511995125,3.7701240527417017
Sensitive,PC(35:0),0.3374401847412889,0.24782629209959137,0.49882462092190527,0.4718031997088746
Sensitive,PC(35:1),0.006445190615009289,1.3070097789053432,0.02789009757040383,2.190764227224355
Sensitive,PC(35:1COOH),0.1897540492424682,1.9703177500979714,0.3360746901972953,0.7218089475098215
Sensitive,PC(35:3),2.0533883001130315e-05,-0.942677336770185,0.0007518560237336946,4.6875268018405025
Sensitive,PC(35:4),0.038270253227805806,-0.7235666166005545,0.10350363941156569,1.4171386629779035
Sensitive,PC(35:5),0.7882483606685715,0.16455360235264901,0.8546838717044192,0.1033369237324893
Sensitive,PC(35:7),0.001268418918385629,-1.4283992332213962,0.009583609605580308,2.8967372548836656
Sensitive,PC(36:0),0.6729786222428724,0.08365488638587315,0.7718983715364031,0.1719987312381103
Sensitive,PC(36:0CHO),0.009077534719744651,0.4782823368262211,0.03600755438832045,2.0420320765385664
Sensitive,PC(36:1COOH),0.1448301337395147,0.3414748808597801,0.2735680303968611,0.839141067982331
Sensitive,PC(36:3),0.7012051498520031,0.09572743425015522,0.7909328230558139,0.1541549029211923
Sensitive,PC(36:3COOH),0.3985983702940361,-0.2930444053515394,0.5499502152462643,0.3994644811757332
Sensitive,PC(36:4CHO),0.06551437352185308,-0.6635949613619156,0.1521211794946442,1.1836634068810854
Sensitive,PC(36:5),0.001268418918385629,-1.1192547857329525,0.009583609605580308,2.8967372548836656
Sensitive,PC(36:7),0.0001977816265185538,-1.8745993346540315,0.0029420016944634877,3.703813836291728
Sensitive,PC(36:7COOH),0.009764870299662899,-1.3860419394693775,0.03841386993916975,2.0103335163377
Sensitive,PC(37:1),0.23426190325782914,-0.05610993765923641,0.3792811767031519,0.6302983324304479
Sensitive,PC(37:3),0.4203825652786761,-0.21833804388639863,0.5684718780473006,0.3763553038636943
Sensitive,PC(37:4),0.6179186012322198,-0.3501593717451268,0.7316648114092951,0.20906873093149042
Sensitive,PC(37:4COOH),0.6179186012322198,-0.04798776191445956,0.7316648114092951,0.20906873093149042
Sensitive,PC(37:5),0.5649253193062427,0.1430306061770864,0.6966436580045894,0.24800896016897317
Sensitive,PC(37:7),0.7298502540390175,-0.15440512834631664,0.8117026189779727,0.13676623641688587
Sensitive,PC(38:2),0.038270253227805806,1.2676618293881,0.10350363941156569,1.4171386629779035
Sensitive,PC(38:4COOH),0.2658316968708465,-0.4806518919869778,0.4176101904637721,0.575393236339857
Sensitive,PC(38:6CHO),0.3374401847412889,-0.5291571290305609,0.49882462092190527,0.4718031997088746
Sensitive,PC(38:6COOH),0.21951406686887898,-0.36370307502830385,0.36662700291082945,0.6585376439357049
Sensitive,PC(38:7COOH),0.0348309897987536,-0.36272371879006976,0.09927874936650727,1.4580341826919998
Sensitive,PC(38:8),1.7283308130069996e-05,-1.6775789239348544,0.0006855712224927765,4.762370614511109
Sensitive,PC(38:8COOH),0.5649253193062427,-0.07749408183502933,0.6966436580045894,0.24800896016897317
Sensitive,PC(38:9COOH),0.05036626389673853,-1.0192286755676052,0.12552011316674105,1.297860262479119
Sensitive,PC(39:1),0.9693931464041992,0.07566350922887201,0.9796839441367278,0.013500055013434448
Sensitive,PC(39:12COOH),0.44134278947985495,0.7743900824606355,0.5871780658939993,0.3552239642873848
Sensitive,PC(39:2),0.04602002728929832,-0.7293812055836782,0.11840828643084324,1.337053127192417
Sensitive,PC(39:2COOH),0.19187971103613322,1.237668102110317,0.3360746901972953,0.716970944011007
Sensitive,PC(39:6),0.0006381060315066232,-1.2447368647726025,0.00632788481244068,3.195107082259448
Sensitive,PC(3:0_30:1),0.0008434151726241524,0.6066691638695972,0.0074345485586869734,3.0739585390143738
Sensitive,PC(40:10),0.004005781262913056,-1.882804591682197,0.021186132012740163,2.397312758355382
Sensitive,PC(40:10COOH),0.21951406686887898,-0.17596016740368617,0.36662700291082945,0.6585376439357049
Sensitive,PC(40:3),0.48978585233669536,-0.17665450320475581,0.628404489790477,0.30999376371398557
Sensitive,PC(40:4),0.878021606681978,-0.05149176797958405,0.9102999567028859,0.0564947966329357
Sensitive,PC(40:4CHO),0.0913624324056609,-0.3130906515563832,0.195894224437363,1.0392323459445267
Sensitive,PC(41:4),0.6729786222428724,-0.148810771735667,0.7718983715364031,0.1719987312381103
Sensitive,PC(42:0),0.03616062486970168,-2.3029955610968202,0.1024551037974881,1.4417640721527782
Sensitive,PC(42:0COOH),0.16718706529127714,-0.3499021793535274,0.3049082110293023,0.7767973252611624
Sensitive,PC(42:3),0.8179235493401322,0.2235848227433868,0.8749024932267482,0.08728728753640737
Sensitive,PC(42:7),0.02873838883792886,-0.653501546596999,0.08768893004393677,1.5415375818865145
Sensitive,PC(42:8),0.021325874972265443,-1.1491162175159106,0.06905521419590714,1.6710931392338788
Sensitive,PC(43:1),0.031643582882894136,-1.1496343996822904,0.09360111709815683,1.499714347500532
Sensitive,PC(44:0),0.12483871370817173,-2.948513554282036,0.24353781854544979,0.9036507144451156
Sensitive,PC(44:1),0.7012051498520031,-0.4922719048503447,0.7909328230558139,0.1541549029211923
Sensitive,PC(44:10),0.3374401847412889,-0.21109134231301757,0.49882462092190527,0.4718031997088746
Sensitive,PC(44:14CHO),0.46599011194048356,0.3266159569285076,0.6093716848452477,0.3316232986143254
Sensitive,PC(44:3),0.20544481944306114,-0.49295935345788594,0.3505080073652226,0.6873048053499213
Sensitive,PC(44:4),0.0348309897987536,-1.0361350417554438,0.09927874936650727,1.4580341826919998
Sensitive,PC(44:5),0.055029076208855644,-1.072696960499832,0.13168061194146813,1.259407776982297
Sensitive,PC(44:6),0.021325874972265443,-1.1534112878073677,0.06905521419590714,1.6710931392338788
Sensitive,PC(44:9),0.0045207427311867755,0.7952649466328574,0.022651300421525317,2.3447901977153576
Sensitive,PC(46:0),0.1744808284856495,-1.9064327538096681,0.31579039680292453,0.7582522850192179
Sensitive,PC(46:0CHO),0.09896649196157843,0.44647977596026345,0.20305194040392816,1.0045118233421415
Sensitive,PC(46:1),0.2658316968708465,-1.4861013944951231,0.4176101904637721,0.575393236339857
Sensitive,PC(46:11),0.19204268011274017,0.28059536358075776,0.3360746901972953,0.716602241499577
Sensitive,PC(46:3),0.0316592013714354,-1.3617970164122615,0.09360111709815683,1.4995000433878376
Sensitive,PC(46:4),0.023573932359357588,-1.5144029860170698,0.07435276599319704,1.6275679650808854
Sensitive,PC(46:5),0.023586696775152842,-1.063642654596171,0.07435276599319704,1.6273328742622009
Sensitive,PC(47:3COOH),0.233403236357677,-0.8719075515258201,0.3792811767031519,0.631893126157123
Sensitive,PC(48:2CHO),0.4203825652786761,0.25223768731653223,0.5684718780473006,0.3763553038636943
Sensitive,PC(48:5),0.024779915073182203,-1.740627647478688,0.0776002603607548,1.6059001846379999
Sensitive,PC(48:6),0.014063296304989674,-1.452598429947265,0.050713098796780945,1.851912869735762
Sensitive,PC(49:14CHO),0.05036626389673853,-0.5039743024560821,0.12552011316674105,1.297860262479119
Sensitive,PC(7:0_27:2),8.553022380117454e-06,2.683518442026088,0.00045235985032621205,5.067875313937267
Sensitive,PC(8:1COOH_28:5),0.0031323203525904946,-1.2980125372353257,0.01840721589917377,2.5041338137684446
Sensitive,PC(O-10:0_12:0),0.1448301337395147,-0.3415611704394406,0.2735680303968611,0.839141067982331
Sensitive,PC(O-12:0_6:0),0.30021417820496865,-0.5460077948314886,0.4536569803986193,0.5225688010527555
Sensitive,PC(O-12:1_18:1),0.3571204139826262,0.3516035658910076,0.5182601129747868,0.44718532351195883
Sensitive,PC(O-13:0_11:1),0.23426190325782914,-0.7324715809164034,0.3792811767031519,0.6302983324304479
Sensitive,PC(O-13:0_20:4),0.015637278202145406,-0.5657666001502192,0.05433098119869499,1.8058388344743777
Sensitive,PC(O-13:1_17:3),0.006445190615009289,-0.2766070156494328,0.02789009757040383,2.190764227224355
Sensitive,PC(O-13:1_18:1),0.7298502540390175,-0.07653913449657439,0.8117026189779727,0.13676623641688587
Sensitive,PC(O-13:1_20:5),0.11568501330321677,-0.5210261189447122,0.23137002660643355,0.9367228987651945
Sensitive,PC(O-13:1_22:6),0.11568501330321677,-0.6180503948579845,0.23137002660643355,0.9367228987651945
Sensitive,PC(O-14:0),0.005734336688312036,-0.9452177451209834,0.02599565965368123,2.241516803714232
Sensitive,PC(O-14:1_20:4),0.0913624324056609,-0.32673223431316245,0.195894224437363,1.0392323459445267
Sensitive,PC(O-15:0_14:0),0.06009426935694701,-0.8478884816228879,0.14091070056111712,1.2211669400086542
Sensitive,PC(O-15:1),0.07133130299929451,0.49023119872147414,0.16245789582614442,1.1467198420992708
Sensitive,PC(O-15:1_14:0),0.847861995726637,-0.03993948601819549,0.8909101765251197,0.07167483091355704
Sensitive,PC(O-15:1_16:0),0.9693931464041992,0.017439420932009047,0.9796839441367278,0.013500055013434448
Sensitive,PC(O-15:1_18:0),0.5911489427210507,-0.4130746917066494,0.7141799409523354,0.2283030827468957
Sensitive,PC(O-15:1_20:0),0.3571204139826262,0.20555410351420123,0.5182601129747868,0.44718532351195883
Sensitive,PC(O-15:1_20:2),0.15570425627332374,0.404298521369668,0.28726831777558953,0.8076995152791413
Sensitive,PC(O-15:1_20:3),0.09896649196157843,0.4964973403553374,0.20305194040392816,1.0045118233421415
Sensitive,PC(O-15:1_20:4),0.04602002728929832,0.5338398887467908,0.11840828643084324,1.337053127192417
Sensitive,PC(O-15:1_20:5),0.06009426935694701,-0.35650974034074184,0.14091070056111712,1.2211669400086542
Sensitive,PC(O-15:1_22:1),0.46599011194048356,-0.2802479078775996,0.6093716848452477,0.3316232986143254
Sensitive,PC(O-15:1_22:2),0.24969831874098736,0.6407798191951357,0.40018989804952854,0.6025843816396024
Sensitive,PC(O-15:1_22:3),0.09896649196157843,0.5549058903790448,0.20305194040392816,1.0045118233421415
Sensitive,PC(O-15:1_22:4),0.20544481944306114,0.500958368916533,0.3505080073652226,0.6873048053499213
Sensitive,PC(O-15:1_22:6),0.012630828581031383,0.6616381896870565,0.046970893785710455,1.8985681553992948
Sensitive,PC(O-15:1_24:4),0.847861995726637,0.18378491552630605,0.8909101765251197,0.07167483091355704
Sensitive,PC(O-15:1_24:5),0.8179235493401322,0.3636671040239074,0.8749024932267482,0.08728728753640737
Sensitive,PC(O-15:2_22:4),0.0027641782862692834,0.809834122993717,0.01665504891473644,2.558433933196352
Sensitive,PC(O-15:2_22:6),0.7882483606685715,0.0278907361483163,0.8546838717044192,0.1033369237324893
Sensitive,PC(O-16:0_14:0),0.1345475795210754,-0.5780069321804571,0.25824454779045114,0.8711241103615098
Sensitive,PC(O-16:0_16:0),0.015637278202145406,-1.1683061868657065,0.05433098119869499,1.8058388344743777
Sensitive,PC(O-16:0_16:1),0.012630828581031383,-0.7724062704421212,0.046970893785710455,1.8985681553992948
Sensitive,PC(O-16:0_18:1),0.7588773816484746,-0.19062151268570512,0.8323171282596173,0.1198283910768644
Sensitive,PC(O-16:0_20:4),0.21951406686887898,-0.2877891325273261,0.36662700291082945,0.6585376439357049
Sensitive,PC(O-16:0_20:5),0.5911489427210507,-0.06202117543222368,0.7141799409523354,0.2283030827468957
Sensitive,PC(O-16:0_22:5),0.6729786222428724,-0.21337891424615466,0.7718983715364031,0.1719987312381103
Sensitive,PC(O-16:0_23:7),0.0316592013714354,0.6036291894199663,0.09360111709815683,1.4995000433878376
Sensitive,PC(O-16:1),0.00016977576320333164,-1.1310598875346116,0.0027866642511995125,3.7701240527417017
Sensitive,PC(O-16:1_14:0),0.3985983702940361,-0.21839581995390478,0.5499502152462643,0.3994644811757332
Sensitive,PC(O-16:1_18:0),0.0007341210107566357,-1.058132920725728,0.006988832022403172,3.1342322869579853
Sensitive,PC(O-16:1_18:1),0.6179186012322198,0.08626730752432805,0.7316648114092951,0.20906873093149042
Sensitive,PC(O-16:1_18:2),0.878021606681978,-0.004895514688326098,0.9102999567028859,0.0564947966329357
Sensitive,PC(O-16:2_20:5),0.0021437922745360534,-0.8873914298885439,0.013426909508936337,2.668817278195521
Sensitive,PC(O-16:2_2:0),0.023586696775152842,-0.9116208410371446,0.07435276599319704,1.6273328742622009
Sensitive,PC(O-17:0),0.004005781262913056,-1.3639149277052345,0.021186132012740163,2.397312758355382
Sensitive,PC(O-17:0_16:0),0.30021417820496865,-0.5104124789597962,0.4536569803986193,0.5225688010527555
Sensitive,PC(O-17:1),0.0001977816265185538,-1.4692307084164284,0.0029420016944634877,3.703813836291728
Sensitive,PC(O-17:1_18:1),0.007234360166596892,0.8193840928137645,0.02994396034174018,2.1405998674434716
Sensitive,PC(O-18:0_16:0),0.46599011194048356,0.20356089888499262,0.6093716848452477,0.3316232986143254
Sensitive,PC(O-18:0_18:0),0.3985983702940361,0.13398149908450818,0.5499502152462643,0.3994644811757332
Sensitive,PC(O-18:0_18:1),0.05036626389673853,1.035530013624323,0.12552011316674105,1.297860262479119
Sensitive,PC(O-18:0_20:0),1.0,-0.028246599784574822,1.0,-4.342945178152237e-11
Sensitive,PC(O-18:0_20:3),0.21951406686887898,0.32622246567200475,0.36662700291082945,0.6585376439357049
Sensitive,PC(O-18:0_20:4),0.7012051498520031,-0.33077641890107895,0.7909328230558139,0.1541549029211923
Sensitive,PC(O-18:0_22:5),0.878021606681978,-0.0703508594178477,0.9102999567028859,0.0564947966329357
Sensitive,PC(O-18:0_22:6),0.3571204139826262,-0.3814552318349761,0.5182601129747868,0.44718532351195883
Sensitive,PC(O-18:1),0.6452054678219191,-0.20768221797606554,0.7545891957819005,0.19030196075261338
Sensitive,PC(O-18:1_18:1),0.12483871370817173,0.5477832848474847,0.24353781854544979,0.9036507144451156
Sensitive,PC(O-18:1_18:2),0.847861995726637,-0.23332138447120165,0.8909101765251197,0.07167483091355704
Sensitive,PC(O-18:2_20:4),0.004005781262913056,-0.5651596331903916,0.021186132012740163,2.397312758355382
Sensitive,PC(O-18:4_18:0),0.0008434151726241524,-0.9166531415512451,0.0074345485586869734,3.0739585390143738
Sensitive,PC(O-18:4_24:1),0.878021606681978,-0.06049785977115442,0.9102999567028859,0.0564947966329357
Sensitive,PC(O-19:0_18:0),0.847861995726637,-0.06942833690724626,0.8909101765251197,0.07167483091355704
Sensitive,PC(O-19:0_18:1),0.6452054678219191,-0.08723339421871715,0.7545891957819005,0.19030196075261338
Sensitive,PC(O-19:1),6.595663082822642e-05,-1.8197336002747073,0.001495016965439799,4.180740878473959
Sensitive,PC(O-20:0),0.37750834876094097,-0.4534780707847389,0.5348034940779997,0.42307343920262797
Sensitive,PC(O-20:0_12:1),0.30021417820496865,-0.4949836836334061,0.4536569803986193,0.5225688010527555
Sensitive,PC(O-20:0_16:0),0.37750834876094097,0.1342614072496558,0.5348034940779997,0.42307343920262797
Sensitive,PC(O-20:0_18:1),0.6729786222428724,0.21564871223115814,0.7718983715364031,0.1719987312381103
Sensitive,PC(O-20:1_18:1),0.23426190325782914,0.3852766197014374,0.3792811767031519,0.6302983324304479
Sensitive,PC(O-20:1_2:0),0.22637648212910977,-0.6106727715758277,0.3767664527743226,0.6451686930696429
Sensitive,PC(O-21:0_18:1),0.5142205254974737,-0.07881226456350122,0.6562170781147385,0.28885059207314695
Sensitive,PC(O-21:1_18:1),0.6729786222428724,-0.25187303704298897,0.7718983715364031,0.1719987312381103
Sensitive,PC(O-21:2_18:1),0.48978585233669536,-0.2527433691818319,0.628404489790477,0.30999376371398557
Sensitive,PC(O-21:2_20:4),0.30021417820496865,-0.6304884152473211,0.4536569803986193,0.5225688010527555
Sensitive,PC(O-22:0_18:1),0.8179235493401322,-0.18659775655437594,0.8749024932267482,0.08728728753640737
Sensitive,PC(O-24:0_16:0),0.17929479635284185,-0.7629555543861388,0.3220540492979348,0.7464323144791453
Sensitive,PC(O-24:0_18:1),0.0018840740051156639,-1.6692101146042753,0.012119178735608865,2.7249020193722924
Sensitive,PC(O-31:0),0.23426190325782914,-0.6247073622612239,0.3792811767031519,0.6302983324304479
Sensitive,PC(O-32:0),0.015637278202145406,-1.432956926177961,0.05433098119869499,1.8058388344743777
Sensitive,PC(O-32:1),0.4203825652786761,-0.34958524007570174,0.5684718780473006,0.3763553038636943
Sensitive,PC(O-32:3),0.0316592013714354,-0.6112251708698667,0.09360111709815683,1.4995000433878376
Sensitive,PC(O-32:4),0.2826687030414319,0.2132093080107283,0.43827460145837643,0.5487222735953762
Sensitive,PC(O-32:5),0.30021417820496865,-0.18418953678585817,0.4536569803986193,0.5225688010527555
Sensitive,PC(O-33:0),0.09896649196157843,-0.6096276805323475,0.20305194040392816,1.0045118233421415
Sensitive,PC(O-33:1),0.6179186012322198,-0.20772854448364844,0.7316648114092951,0.20906873093149042
Sensitive,PC(O-33:3),0.1345475795210754,-0.3213699249586611,0.25824454779045114,0.8711241103615098
Sensitive,PC(O-34:1),0.9693931464041992,-0.008232263243778376,0.9796839441367278,0.013500055013434448
Sensitive,PC(O-34:4),0.055051348269647395,-0.567067196184133,0.13168061194146813,1.2592320394111038
Sensitive,PC(O-34:5),0.48978585233669536,-0.12959374863165696,0.628404489790477,0.30999376371398557
Sensitive,PC(O-34:6),0.1345475795210754,-0.48393711254552757,0.25824454779045114,0.8711241103615098
Sensitive,PC(O-35:0),0.9693931464041992,0.16713874776973237,0.9796839441367278,0.013500055013434448
Sensitive,PC(O-35:1),0.3184710389184273,0.44638413665108645,0.47820887862830097,0.4969300552167253
Sensitive,PC(O-35:2),0.4203825652786761,0.26204882505324967,0.5684718780473006,0.3763553038636943
Sensitive,PC(O-36:1),0.10706742793331354,1.0661838144025477,0.21779528075323612,0.970342629792741
Sensitive,PC(O-36:2),0.19204268011274017,0.4501673250683271,0.3360746901972953,0.716602241499577
Sensitive,PC(O-36:6),0.0035446467792924694,-0.6590886432110546,0.01961920775515367,2.4504270231080847
Sensitive,PC(O-37:8),0.20544481944306114,0.2947255963490875,0.3505080073652226,0.6873048053499213
Sensitive,PC(O-38:7),0.05036626389673853,0.4905424518333293,0.12552011316674105,1.297860262479119
Sensitive,PC(O-39:0),0.847861995726637,0.008659654940929188,0.8909101765251197,0.07167483091355704
Sensitive,PC(O-39:10),0.0913624324056609,-0.4100411118949612,0.195894224437363,1.0392323459445267
Sensitive,PC(O-40:2),0.48978585233669536,0.2572838186885893,0.628404489790477,0.30999376371398557
Sensitive,PC(O-40:4),0.6729786222428724,0.08249600499428625,0.7718983715364031,0.1719987312381103
Sensitive,PC(O-40:7),0.5911489427210507,0.014019271137763401,0.7141799409523354,0.2283030827468957
Sensitive,PC(O-40:8),0.3985983702940361,-0.2765581787961187,0.5499502152462643,0.3994644811757332
Sensitive,PC(O-41:10),0.038270253227805806,0.643348875317458,0.10350363941156569,1.4171386629779035
Sensitive,PC(O-42:2),0.7298502540390175,-0.31392004970526577,0.8117026189779727,0.13676623641688587
Sensitive,PC(O-42:4),0.847861995726637,-0.10928040644147974,0.8909101765251197,0.07167483091355704
Sensitive,PC(O-42:6),0.9693931464041992,0.07347523790055416,0.9796839441367278,0.013500055013434448
Sensitive,PC(O-43:2),0.0010444632462828863,-1.6734101141114153,0.008722184302292173,2.981106796264235
Sensitive,PC(O-43:4),0.5649253193062427,-0.0036127949383815143,0.6966436580045894,0.24800896016897317
Sensitive,PC(O-44:3),0.21951406686887898,0.2838810373254787,0.36662700291082945,0.6585376439357049
Sensitive,PC(O-44:4),0.30021417820496865,-0.37190063922347816,0.4536569803986193,0.5225688010527555
Sensitive,PC(O-44:5),0.2826687030414319,-0.5723508179937602,0.43827460145837643,0.5487222735953762
Sensitive,PC(O-45:0),0.0008434151726241524,3.118480921018909,0.0074345485586869734,3.0739585390143738
Sensitive,PC(O-45:2),0.15570425627332374,-0.5527939138724094,0.28726831777558953,0.8076995152791413
Sensitive,PC(O-47:0),8.553022380117454e-06,4.375644525405847,0.00045235985032621205,5.067875313937267
Sensitive,PC(O-5:0_11:0),4.033934756186988e-05,-1.8152993031909608,0.0012584906428130332,4.394270053631293
Sensitive,PC(O-5:0_15:1),0.007234360166596892,-1.0666980615219237,0.02994396034174018,2.1405998674434716
Sensitive,PC(P-10:0_5:0),0.4428506841511466,0.19377450929531817,0.5871780658939993,0.3537426799547554
Sensitive,PC(P-11:0_16:0),0.6452054678219191,0.5253149489967822,0.7545891957819005,0.19030196075261338
Sensitive,PC(P-11:0_21:3),0.5911489427210507,-0.11308365994349241,0.7141799409523354,0.2283030827468957
Sensitive,PC(P-11:0_21:4),0.20544481944306114,-0.3613635661215928,0.3505080073652226,0.6873048053499213
Sensitive,PC(P-11:0_8:0),4.758998229124915e-05,-1.9349759779265143,0.0012584906428130332,4.3224835442324565
Sensitive,PC(P-11:0_9:0),0.009077534719744651,-0.9887836148219763,0.03600755438832045,2.0420320765385664
Sensitive,PC(P-12:1_18:2),0.0021437922745360534,-0.7317974878746668,0.013426909508936337,2.668817278195521
Sensitive,PC(P-15:2_20:5),0.6179186012322198,-0.12889745894515997,0.7316648114092951,0.20906873093149042
Sensitive,PC(P-16:0),0.0005538808945948657,-0.9421964074634132,0.005991984223344456,3.2565835366120885
Sensitive,PC(P-16:3_20:5),0.87970163883052,0.229291712979359,0.9102999567028859,0.05566459891495393
Sensitive,PC(P-17:0),0.00014553211120120062,-1.4032719000418807,0.00277093139727086,3.8370408719791946
Sensitive,PC(P-18:0),0.7012051498520031,-0.21270482266282317,0.7909328230558139,0.1541549029211923
Sensitive,PC(P-18:4_18:0),0.0419940620636736,-0.5837150826061341,0.11167136057155662,1.3768121132177569
Sensitive,PC(P-20:3),0.21951406686887898,0.1882166279561893,0.36662700291082945,0.6585376439357049
Sensitive,PC(P-26:1),0.04918775701167952,-2.069494213018518,0.12552011316674105,1.3081429801694537
Sensitive,PC(P-29:8),0.1684665400382589,0.458061867476596,0.3060689811382108,0.7734863433166723
Sensitive,PC(P-36:1),0.2657878844385684,1.0107642410049444,0.4176101904637721,0.5754648194729169
Sensitive,PC(P-37:9),0.014063296304989674,-0.6231539282138517,0.050713098796780945,1.851912869735762
Sensitive,PC(P-4:0_14:1),0.0316592013714354,-0.770554216441952,0.09360111709815683,1.4995000433878376
Sensitive,PC(P-4:0_16:2),0.0842352721422823,-0.590327017402279,0.18477414534436118,1.074506016189939
Sensitive,PC(P-9:0_13:1),0.0006373732076821496,-1.265472050011351,0.00632788481244068,3.195606128137284
Sensitive,PC(P-9:0_20:5),0.6587401821903239,-0.11740991997961814,0.768530212555378,0.1812858443545928
Sensitive,PC(P-9:0_22:6),0.7298502540390175,-0.2044418499940203,0.8117026189779727,0.13676623641688587
